"year","genre","avg_popularity","avg_danceability","count"
2000,"acoustic",4.21403091557669,0.553810939357907,841
2000,"afrobeat",8.61386138613861,0.688475247524753,202
2000,"alt-rock",33.7633928571429,0.475194084821429,896
2000,"ambient",5.66336633663366,0.370097920792079,1010
2000,"black-metal",5.30205949656751,0.237452173913043,874
2000,"blues",15.1253196930946,0.520092583120205,782
2000,"breakbeat",3.83950617283951,0.635407407407407,162
2000,"cantopop",7.29128738621587,0.571309492847854,769
2000,"chicago-house",2.94642857142857,0.788,56
2000,"chill",1.6551724137931,0.581508620689655,232
2000,"classical",21.3829296424452,0.359069896193772,867
2000,"club",2.19018404907975,0.509837423312883,326
2000,"comedy",4.49134948096886,0.591266435986159,289
2000,"country",22.2938881664499,0.570780234070221,769
2000,"dance",31.6337693222354,0.681063020214031,841
2000,"dancehall",4.38686987104338,0.71215592028136,853
2000,"death-metal",10.7403462050599,0.293993741677763,751
2000,"deep-house",3.55627009646302,0.742299035369775,311
2000,"detroit-techno",4.07692307692308,0.714446153846154,65
2000,"disco",8.44783715012723,0.658290076335878,786
2000,"drum-and-bass",4.20948616600791,0.592660079051383,253
2000,"dub",3.46519721577726,0.717676218097448,862
2000,"dubstep",0,0.604428571428571,28
2000,"edm",7.6530612244898,0.609571428571429,147
2000,"electro",16.359612724758,0.645403872752421,723
2000,"electronic",3.09407665505226,0.649082229965157,287
2000,"emo",8.91569086651054,0.372960304449649,854
2000,"folk",24.4044750430293,0.519152323580034,581
2000,"forro",4.20264317180617,0.654547356828194,908
2000,"french",14.037037037037,0.506080392156863,918
2000,"funk",20.3257328990228,0.68292345276873,614
2000,"garage",4.1474358974359,0.494893333333333,780
2000,"german",14.5708609271523,0.464146225165563,755
2000,"gospel",13.6092925026399,0.532602956705385,947
2000,"goth",6.60913705583756,0.41512538071066,788
2000,"grindcore",3.57551020408163,0.258114693877551,245
2000,"groove",5.32,0.4979925,400
2000,"guitar",5.70693779904306,0.477673205741627,836
2000,"hard-rock",17.307847082495,0.452255331991952,497
2000,"hardcore",25.7510094212651,0.611020323014805,743
2000,"hardstyle",1.375,0.55725,16
2000,"heavy-metal",3.89403973509934,0.391443708609272,151
2000,"hip-hop",32.062874251497,0.776011976047904,334
2000,"house",9.04156479217604,0.710476772616137,409
2000,"indian",1.58695652173913,0.465590389016018,874
2000,"indie-pop",15.3875968992248,0.496035852713178,516
2000,"industrial",5.89230769230769,0.51014043956044,455
2000,"jazz",22.9893617021277,0.595031914893617,564
2000,"k-pop",11.9460625674218,0.587313915857605,927
2000,"metal",33.328,0.417504,125
2000,"metalcore",3.79389312977099,0.360282442748092,131
2000,"minimal-techno",1.57407407407407,0.717208333333333,216
2000,"new-age",9.12234042553191,0.393414255319149,940
2000,"opera",2.17124183006536,0.339061699346405,765
2000,"party",2.19847328244275,0.685751908396947,262
2000,"piano",5.27529761904762,0.472217261904762,672
2000,"pop",44.8990536277603,0.572328075709779,317
2000,"pop-film",10.4378378378378,0.618998648648649,740
2000,"power-pop",2.46772228989038,0.445308038976858,821
2000,"progressive-house",1.28352490421456,0.653168582375479,261
2000,"psych-rock",8.51993355481728,0.443149169435216,602
2000,"punk",23.4558823529412,0.415194117647059,340
2000,"punk-rock",14.9590792838875,0.456212276214834,391
2000,"rock",40.9540229885057,0.525425287356322,87
2000,"rock-n-roll",6.07332490518331,0.531681415929204,791
2000,"romance",0.0882352941176471,0.395378676470588,272
2000,"sad",61,0.698,1
2000,"salsa",6.02539298669891,0.668516324062878,827
2000,"samba",8.74631936579842,0.589508493771234,883
2000,"sertanejo",10.4967672413793,0.610818965517241,928
2000,"show-tunes",4.5,0.437549166666667,240
2000,"singer-songwriter",11.5843694493783,0.54136944937833,563
2000,"ska",13.9805013927577,0.485559888579387,359
2000,"sleep",1.65261382799325,0.278087689713322,593
2000,"soul",17.085798816568,0.60396449704142,338
2000,"spanish",12.3444180522565,0.565515439429929,842
2000,"swedish",10.3590192644483,0.5459823117338,571
2000,"tango",1.99515738498789,0.515417675544794,826
2000,"techno",3.00783289817232,0.663720626631854,383
2000,"trance",5.56173913043478,0.638954782608696,575
2000,"trip-hop",4.15467625899281,0.646341726618705,278
2001,"acoustic",5.20208023774146,0.554205052005943,673
2001,"afrobeat",10.1743119266055,0.636110091743119,109
2001,"alt-rock",36.3218527315914,0.486986698337292,842
2001,"ambient",10.0815047021944,0.33784012539185,957
2001,"black-metal",7.09289617486339,0.254763387978142,915
2001,"blues",15.417661097852,0.529578281622912,838
2001,"breakbeat",5.13333333333333,0.687,240
2001,"cantopop",9.60284810126582,0.562276898734177,632
2001,"chicago-house",9,0.779157894736842,38
2001,"chill",6.14343434343434,0.593830303030303,495
2001,"classical",22.8114558472554,0.322071241050119,838
2001,"club",0.86970684039088,0.503338762214984,307
2001,"comedy",6.30769230769231,0.616997347480106,377
2001,"country",19.8783958602846,0.554679172056921,773
2001,"dance",34.072319201995,0.667268079800499,802
2001,"dancehall",3.17713567839196,0.710993718592965,796
2001,"death-metal",9.08676470588235,0.297220588235294,680
2001,"deep-house",4.06424581005587,0.755005586592179,358
2001,"detroit-techno",3.44,0.70072,25
2001,"disco",10.8052109181141,0.658925558312655,806
2001,"drum-and-bass",5.20446096654275,0.585617100371747,269
2001,"dub",3.23515715948778,0.706314551804424,859
2001,"dubstep",0,0.758,1
2001,"edm",3.70779220779221,0.597084415584416,154
2001,"electro",21.2068965517241,0.652331034482759,580
2001,"electronic",9.34634146341463,0.655521951219512,205
2001,"emo",10.5725900116144,0.388359930313589,861
2001,"folk",24.4397394136808,0.527278501628665,614
2001,"forro",4.6588785046729,0.631952102803738,856
2001,"french",15.3140283140283,0.543031145431145,777
2001,"funk",20.1445578231293,0.69866156462585,588
2001,"garage",3.89821182943604,0.483179642365887,727
2001,"german",12.6681957186544,0.48812874617737,654
2001,"gospel",14.3142250530786,0.526327494692144,942
2001,"goth",6.14432989690722,0.422130191458026,679
2001,"grindcore",2.23489932885906,0.263003355704698,149
2001,"groove",7.45197740112994,0.479423728813559,354
2001,"guitar",4.86107921928817,0.472427095292767,871
2001,"hard-rock",15.474609375,0.4361025390625,512
2001,"hardcore",24.4420600858369,0.559195422031474,699
2001,"hardstyle",1.7,0.5863,10
2001,"heavy-metal",4.86407766990291,0.363699029126214,309
2001,"hip-hop",33.7866972477064,0.748538990825688,436
2001,"house",9,0.713241379310345,348
2001,"indian",1.75498241500586,0.48499062133646,853
2001,"indie-pop",17.2132075471698,0.45873641509434,530
2001,"industrial",8.3184855233853,0.516204008908686,449
2001,"jazz",21.5352348993289,0.56303355704698,596
2001,"k-pop",11.2766467065868,0.594134131736527,835
2001,"metal",36.5984848484849,0.431504545454545,132
2001,"metalcore",4.78082191780822,0.392993150684932,146
2001,"minimal-techno",1.94859813084112,0.714696261682243,214
2001,"new-age",9.21311475409836,0.364975058548009,854
2001,"opera",4.76323529411765,0.342089264705882,680
2001,"party",2.01327433628319,0.692933628318584,226
2001,"piano",5.2879684418146,0.442917554240631,507
2001,"pop",48.364312267658,0.582193308550186,269
2001,"pop-film",9.79396325459318,0.634791338582677,762
2001,"power-pop",2.04694167852063,0.459263300142248,703
2001,"progressive-house",1.23121387283237,0.643219653179191,173
2001,"psych-rock",8.66086956521739,0.458765913043478,575
2001,"punk-rock",18.4849785407725,0.474404721030043,466
2001,"rock",39.5058823529412,0.565435294117647,85
2001,"rock-n-roll",3.94368600682594,0.525691126279863,586
2001,"romance",0.83277027027027,0.439981418918919,592
2001,"salsa",6.55130168453293,0.649434915773354,653
2001,"samba",6.87281795511222,0.614021197007481,802
2001,"sertanejo",8.38259833134684,0.60861620977354,839
2001,"show-tunes",6.36700336700337,0.439668013468013,297
2001,"ska",15.8884381338742,0.466708722109533,493
2001,"sleep",2.23965936739659,0.174090754257908,822
2001,"songwriter",13.3696428571429,0.511983928571429,560
2001,"soul",21.2932098765432,0.657941358024691,324
2001,"spanish",16.1510791366906,0.577374100719424,834
2001,"swedish",10.6407407407407,0.579018518518518,540
2001,"tango",2.24931129476584,0.530669421487603,726
2001,"techno",2.05605381165919,0.689562780269058,446
2001,"trance",5.14566284779051,0.641978887070376,611
2001,"trip-hop",3.27314814814815,0.650092592592593,216
2002,"acoustic",3.6864406779661,0.541021791767554,826
2002,"afrobeat",6.77551020408163,0.647663265306122,98
2002,"alt-rock",34.8832199546485,0.48468560090703,882
2002,"ambient",7.99778761061947,0.352634402654867,904
2002,"black-metal",5.70248868778281,0.258517307692308,884
2002,"blues",17.6155660377358,0.522001886792453,848
2002,"breakbeat",6.10629921259843,0.661854330708661,254
2002,"cantopop",8.21739130434783,0.554128762541806,598
2002,"chicago-house",4.32352941176471,0.753147058823529,34
2002,"chill",5.28512396694215,0.599840909090909,484
2002,"classical",22.1362048894063,0.339501280558789,859
2002,"club",1.63537906137184,0.467906137184116,277
2002,"comedy",3.88452088452088,0.57570515970516,407
2002,"country",25.0683994528044,0.57602462380301,731
2002,"dance",31.21140472879,0.671396383866481,719
2002,"dancehall",2.60421836228288,0.732002481389578,806
2002,"death-metal",12.6631299734748,0.314950663129973,754
2002,"deep-house",4.3462962962963,0.749818518518519,540
2002,"detroit-techno",4.80434782608696,0.692434782608696,46
2002,"disco",8.18075422626788,0.666191157347204,769
2002,"drum-and-bass",4.8744769874477,0.568125523012552,239
2002,"dub",6.25703324808184,0.703524936061381,782
2002,"dubstep",0,0.7279,10
2002,"edm",3.45405405405405,0.583167567567568,185
2002,"electro",18.9629057187017,0.64193972179289,647
2002,"electronic",6.46586345381526,0.648995983935743,249
2002,"emo",11.5338691159587,0.39567588978186,871
2002,"folk",27.0358680057389,0.525503156384505,697
2002,"forro",4.54610778443114,0.639754491017964,835
2002,"french",13.8178733031674,0.547627488687783,884
2002,"funk",19.6192052980132,0.64273178807947,604
2002,"garage",4.68067226890756,0.474018487394958,714
2002,"german",15.1937984496124,0.457873023255814,645
2002,"gospel",13.8089033659066,0.538486102062975,921
2002,"goth",6.89508632138114,0.451990172642762,753
2002,"grindcore",2.06885245901639,0.270375081967213,305
2002,"groove",7.14457831325301,0.518746987951807,332
2002,"guitar",4.04819277108434,0.478295060240964,830
2002,"hard-rock",15.1919561243144,0.388553930530165,547
2002,"hardcore",24.6100519930676,0.56271403812825,577
2002,"hardstyle",2.38636363636364,0.683045454545455,44
2002,"heavy-metal",6.4775641025641,0.39131217948718,312
2002,"hip-hop",35.8068181818182,0.73963446969697,528
2002,"house",9.31921824104234,0.71257654723127,307
2002,"indian",1.42596810933941,0.48095444191344,878
2002,"indie-pop",15.6544401544402,0.477032432432432,518
2002,"industrial",7.03869653767821,0.485520977596741,491
2002,"jazz",25.4305772230889,0.580780031201248,641
2002,"k-pop",12.8449519230769,0.601558894230769,832
2002,"metal",37.8551724137931,0.443715862068966,145
2002,"metalcore",3.07602339181287,0.390228070175439,171
2002,"minimal-techno",1.59305993690852,0.710968454258675,317
2002,"new-age",7.81774580335731,0.368641007194245,834
2002,"party",1.41116751269036,0.716715736040609,394
2002,"piano",6.89189189189189,0.472172972972973,555
2002,"pop",46.8349206349206,0.581259365079365,315
2002,"pop-film",10.3697478991597,0.627712885154062,714
2002,"power-pop",2.55149051490515,0.449868970189702,738
2002,"progressive-house",0.829694323144105,0.616436681222707,229
2002,"psych-rock",8.35766423357664,0.448143065693431,548
2002,"punk",25.595015576324,0.442220249221184,321
2002,"punk-rock",13.8354430379747,0.48595253164557,316
2002,"rock",40.921875,0.5476484375,128
2002,"rock-n-roll",9.13179571663921,0.539701812191104,607
2002,"romance",0.292553191489362,0.403632978723404,188
2002,"sad",0,0.705,1
2002,"salsa",6.95006402048656,0.668035851472471,781
2002,"samba",9.04111245465538,0.595764207980653,827
2002,"sertanejo",10.6034482758621,0.623931034482759,754
2002,"show-tunes",7.87795275590551,0.44998188976378,254
2002,"singer-songwriter",13.1161178509532,0.546793760831889,577
2002,"ska",14.421875,0.510885416666667,384
2002,"sleep",1.03464566929134,0.21570125984252,635
2002,"soul",19.4031746031746,0.648739682539683,315
2002,"spanish",14.6498829039813,0.545950819672131,854
2002,"swedish",11.9862700228833,0.522468421052632,437
2002,"tango",2.21496815286624,0.545660828025478,628
2002,"techno",2.08306709265176,0.670348242811502,313
2002,"trance",7.17216117216117,0.620723443223443,546
2002,"trip-hop",3.82539682539683,0.63821164021164,378
2003,"acoustic",7.09551208285385,0.523497123130034,869
2003,"afrobeat",4.73493975903614,0.649746987951807,83
2003,"alt-rock",38.1437054631829,0.500122209026128,842
2003,"ambient",10.1559536354057,0.330825711275026,949
2003,"black-metal",7.04475853945819,0.249063250883392,849
2003,"blues",18.3360215053763,0.526875,744
2003,"breakbeat",4.9469964664311,0.677939929328622,283
2003,"cantopop",10.5247018739353,0.531052810902896,587
2003,"chicago-house",5.15217391304348,0.798739130434783,46
2003,"chill",6.38799076212471,0.603718244803695,433
2003,"classical",23.9063260340633,0.317268248175183,822
2003,"club",0.941634241245136,0.50411673151751,257
2003,"comedy",9.61041666666667,0.582610416666667,480
2003,"country",25.2554054054054,0.566762162162162,740
2003,"dance",31.1900621118012,0.664274534161491,805
2003,"dancehall",3.02127659574468,0.72686170212766,846
2003,"death-metal",14.3900709219858,0.321086524822695,705
2003,"deep-house",2.86486486486486,0.733300476947536,629
2003,"detroit-techno",2.29787234042553,0.691191489361702,47
2003,"disco",8.82597730138714,0.649697351828499,793
2003,"drum-and-bass",4.31948881789137,0.572319488817891,313
2003,"dub",4.1372064276885,0.691016563658838,809
2003,"dubstep",1,0.588444444444444,9
2003,"edm",3.75,0.600671052631579,304
2003,"electro",21.5746951219512,0.643684451219512,656
2003,"electronic",8.97852760736196,0.640957055214724,326
2003,"emo",13.6109913793103,0.398559913793103,928
2003,"folk",24.9200680272109,0.505549489795918,588
2003,"forro",7.82151898734177,0.647907594936709,790
2003,"french",17.9404761904762,0.529652380952381,756
2003,"funk",21.9807692307692,0.630192307692308,572
2003,"garage",5.02760736196319,0.467624846625767,652
2003,"german",15.7667140825036,0.491579800853485,703
2003,"gospel",15.0660486674392,0.512837775202781,863
2003,"goth",8.02785923753666,0.449959237536657,682
2003,"grindcore",1.75669642857143,0.209241294642857,448
2003,"groove",8.72293577981651,0.478866972477064,545
2003,"guitar",4.66329113924051,0.488105443037975,790
2003,"hard-rock",17.2248908296943,0.437743449781659,458
2003,"hardcore",26.093471810089,0.513347477744807,674
2003,"hardstyle",3.09803921568627,0.676588235294118,102
2003,"heavy-metal",4.91916859122402,0.373378752886836,433
2003,"hip-hop",36.769387755102,0.746263265306122,490
2003,"house",10.0909090909091,0.694485893416928,319
2003,"indian",2.00487804878049,0.499984146341463,820
2003,"indie-pop",20.8773148148148,0.484917824074074,432
2003,"industrial",11.686170212766,0.488250265957447,376
2003,"jazz",25.6076388888889,0.582138368055556,576
2003,"k-pop",15.4738124238733,0.59294640682095,821
2003,"metal",39.7272727272727,0.417624242424242,165
2003,"metalcore",2.3625,0.41613,400
2003,"minimal-techno",1.90104166666667,0.7194609375,384
2003,"new-age",10.7028714107366,0.364057553058677,801
2003,"opera",3.38958990536278,0.350250315457413,634
2003,"party",0.776091081593928,0.730622390891841,527
2003,"piano",6.76949152542373,0.438176271186441,590
2003,"pop",48.1938325991189,0.575052863436123,227
2003,"pop-film",12.1605504587156,0.626177370030581,654
2003,"power-pop",3.35286284953395,0.424959121171771,751
2003,"progressive-house",1.02777777777778,0.59825,252
2003,"psych-rock",10.4318181818182,0.461247377622378,572
2003,"punk",28.8663967611336,0.464939271255061,247
2003,"punk-rock",16.734126984127,0.457115079365079,252
2003,"rock",45.472972972973,0.532027027027027,74
2003,"rock-n-roll",6.6671974522293,0.534367834394904,628
2003,"romance",0.433734939759036,0.454680722891566,166
2003,"salsa",5.88203017832647,0.647548696844993,729
2003,"samba",9.765625,0.6045703125,768
2003,"sertanejo",14.2909647779479,0.616560490045942,653
2003,"show-tunes",6.60106382978723,0.417199468085106,188
2003,"singer-songwriter",16.4953271028037,0.524605607476636,535
2003,"ska",13.7985781990521,0.506857819905213,422
2003,"sleep",3.07081545064378,0.255264377682403,466
2003,"songwriter",11.75,0.583,4
2003,"soul",22.5804416403785,0.645763406940063,317
2003,"spanish",17.0136476426799,0.556898263027295,806
2003,"swedish",11.5040650406504,0.531810365853658,492
2003,"tango",2.72163120567376,0.55075,564
2003,"techno",3.18245614035088,0.661554385964912,285
2003,"trance",8.18840579710145,0.61251966873706,483
2003,"trip-hop",2.80555555555556,0.632423611111111,288
2004,"acoustic",9.79078014184397,0.522738179669031,846
2004,"afrobeat",5.53535353535354,0.62040404040404,198
2004,"alt-rock",36.8858218318695,0.486555834378921,797
2004,"ambient",10.4101731601732,0.345027164502165,924
2004,"black-metal",7.25821064552661,0.25839275198188,883
2004,"blues",17.0348258706468,0.546914427860697,804
2004,"breakbeat",7.70506912442396,0.669101382488479,217
2004,"cantopop",8.14072847682119,0.566889072847682,604
2004,"chicago-house",1.47191011235955,0.764123595505618,89
2004,"chill",5.64075630252101,0.607075630252101,476
2004,"classical",22.3542713567839,0.337497236180905,796
2004,"club",2.15979381443299,0.512640721649484,194
2004,"comedy",4.56025369978858,0.606224101479915,473
2004,"country",27.7573221757322,0.567576011157601,717
2004,"dance",31.8386648122392,0.667431849791377,719
2004,"dancehall",4.17780580075662,0.720687263556116,793
2004,"death-metal",15.2896551724138,0.335156275862069,725
2004,"deep-house",3.09253246753247,0.734112012987013,616
2004,"detroit-techno",5.52631578947368,0.731157894736842,38
2004,"disco",11.0438144329897,0.644389175257732,776
2004,"drum-and-bass",5.56869009584665,0.532143769968051,313
2004,"dub",5.34666666666667,0.712681466666667,750
2004,"dubstep",0.41304347826087,0.632608695652174,46
2004,"edm",3.37538461538462,0.616507692307692,325
2004,"electro",18.3480825958702,0.619091740412979,678
2004,"electronic",7.78362573099415,0.623461111111111,342
2004,"emo",10.2849162011173,0.40398,895
2004,"folk",26.7307060755337,0.540791789819376,609
2004,"forro",6.8751677852349,0.64391677852349,745
2004,"french",16.2887573964497,0.508109585798817,845
2004,"funk",18.1925795053004,0.625934628975265,566
2004,"garage",5.70680628272251,0.455479712041885,764
2004,"german",14.4413793103448,0.536248137931034,725
2004,"gospel",13.5248306997743,0.540599774266366,886
2004,"goth",7.3625,0.460143611111111,720
2004,"grindcore",1.81761006289308,0.273615303983229,477
2004,"groove",7.39556377079482,0.484974676524954,541
2004,"guitar",5.27720207253886,0.484426554404145,772
2004,"hard-rock",17.5754884547069,0.426891651865009,563
2004,"hardcore",26.382889200561,0.530067321178121,713
2004,"hardstyle",2.36,0.67772,75
2004,"heavy-metal",4.72477064220184,0.406045183486239,436
2004,"hip-hop",40.6011787819253,0.725233791748527,509
2004,"house",9.77319587628866,0.694910652920962,291
2004,"indian",3.23687423687424,0.498296703296703,819
2004,"indie-pop",20.6009501187648,0.471194299287411,421
2004,"industrial",7.60852713178295,0.511980620155039,516
2004,"jazz",25.4411764705882,0.581185758513932,646
2004,"k-pop",15.9451575262544,0.603072345390898,857
2004,"metal",35.9520547945205,0.421945205479452,146
2004,"metalcore",4.44634146341463,0.380529268292683,410
2004,"minimal-techno",1.37009803921569,0.736245098039216,408
2004,"new-age",10.246835443038,0.389367088607595,790
2004,"opera",3.84246575342466,0.344981506849315,730
2004,"party",3.51699029126214,0.70025,412
2004,"piano",10.8381502890173,0.499130057803468,346
2004,"pop",49.4431818181818,0.585079545454545,264
2004,"pop-film",10.8877400295421,0.62218611521418,677
2004,"power-pop",3.2130898021309,0.459501369863014,657
2004,"progressive-house",0.595330739299611,0.599431906614786,257
2004,"psych-rock",8.30945558739255,0.468835100286533,698
2004,"punk",26.9119718309859,0.444274647887324,284
2004,"punk-rock",15.3069306930693,0.467247524752475,303
2004,"rock",43.2822580645161,0.523567741935484,124
2004,"rock-n-roll",6.13778409090909,0.558647727272727,704
2004,"romance",0.34965034965035,0.38613986013986,143
2004,"salsa",6.0974025974026,0.673088311688312,770
2004,"samba",7.73333333333333,0.606168055555556,720
2004,"sertanejo",13.8456883509834,0.615001512859304,661
2004,"show-tunes",6.83870967741935,0.40351935483871,310
2004,"singer-songwriter",16.0927152317881,0.52146357615894,604
2004,"ska",14.388090349076,0.53064681724846,487
2004,"sleep",1.19554030874786,0.254547169811321,583
2004,"soul",21.5368098159509,0.628585889570552,326
2004,"spanish",20.2018469656992,0.580233509234829,758
2004,"swedish",12.9140767824497,0.513775137111517,547
2004,"tango",4.04819277108434,0.55504016064257,498
2004,"techno",2.43596730245232,0.682841961852861,367
2004,"trance",6.36851851851852,0.590748148148148,540
2004,"trip-hop",3.12202380952381,0.616348214285714,336
2005,"acoustic",9.84898929845422,0.546479191438763,841
2005,"afrobeat",11.375,0.66421875,192
2005,"alt-rock",36.7233065442021,0.486306429391504,871
2005,"ambient",11.6754675467547,0.321058855885589,909
2005,"black-metal",6.2300357568534,0.242535041716329,839
2005,"blues",21.228025477707,0.546794522292994,785
2005,"breakbeat",5.7292817679558,0.65635635359116,362
2005,"cantopop",10.2780656303972,0.540328151986183,579
2005,"chicago-house",5.9,0.73212,100
2005,"chill",7.42043795620438,0.602897810218978,685
2005,"classical",22.7975609756098,0.33117756097561,820
2005,"club",1.00510204081633,0.464152040816327,196
2005,"comedy",4.34186939820743,0.578929577464789,781
2005,"country",26.9318766066838,0.564181233933162,778
2005,"dance",36.3173216885007,0.673427947598253,687
2005,"dancehall",10.4451127819549,0.730987969924812,665
2005,"death-metal",16.6051612903226,0.330246967741935,775
2005,"deep-house",2.65544041450777,0.733332901554404,772
2005,"detroit-techno",1.60294117647059,0.736279411764706,68
2005,"disco",12.1471389645777,0.649807901907357,734
2005,"drum-and-bass",4.5077399380805,0.527006191950464,323
2005,"dub",6.8,0.707129189189189,740
2005,"dubstep",0.142857142857143,0.604571428571429,63
2005,"edm",2.57649667405765,0.587372505543237,451
2005,"electro",25.2111801242236,0.619196894409938,644
2005,"electronic",14.453488372093,0.627375968992248,258
2005,"emo",15.8629834254144,0.412796022099447,905
2005,"folk",29.0407166123778,0.516697068403909,614
2005,"forro",7.23416789396171,0.630625920471281,679
2005,"french",18.6388140161725,0.50392897574124,742
2005,"funk",20.231173380035,0.637171628721541,571
2005,"garage",6.44343302990897,0.43481144343303,769
2005,"german",15.8951048951049,0.497520979020979,715
2005,"gospel",16.3667452830189,0.534485849056604,848
2005,"goth",9.50664893617021,0.450422606382979,752
2005,"grindcore",1.77908937605396,0.2332413153457,593
2005,"groove",7.8217665615142,0.524485804416404,634
2005,"guitar",8.80494148244473,0.496455136540962,769
2005,"hard-rock",16.1228406909789,0.415315355086372,521
2005,"hardcore",24.7430769230769,0.468981076923077,650
2005,"hardstyle",2.53191489361702,0.6915,94
2005,"heavy-metal",5.81681034482759,0.407273706896552,464
2005,"hip-hop",39.2958477508651,0.711970588235294,578
2005,"house",13.1176470588235,0.674358543417367,357
2005,"indian",2.6521164021164,0.480533068783069,756
2005,"indie-pop",23.3867684478371,0.499428244274809,393
2005,"industrial",6.93014705882353,0.494808823529412,544
2005,"jazz",27.138698630137,0.574922431506849,584
2005,"k-pop",16.1453416149068,0.611314285714286,805
2005,"metal",39.8491620111732,0.385303910614525,179
2005,"metalcore",5.00294117647059,0.363023529411765,340
2005,"minimal-techno",1.5,0.759340909090909,440
2005,"new-age",12.885150812065,0.341595011600928,862
2005,"opera",4.25321888412017,0.330418669527897,466
2005,"party",2.88938053097345,0.724287610619469,226
2005,"piano",14.2373271889401,0.49260599078341,434
2005,"pop",50.4159663865546,0.580726890756303,238
2005,"pop-film",11.0996732026144,0.638665032679739,612
2005,"power-pop",3.78756476683938,0.440453367875648,772
2005,"progressive-house",0.587209302325581,0.601234496124031,516
2005,"psych-rock",11.5421245421245,0.479037912087912,546
2005,"punk",29.3289473684211,0.458868421052632,228
2005,"punk-rock",17.2285714285714,0.481933333333333,315
2005,"rock",47.3153846153846,0.569569230769231,130
2005,"rock-n-roll",10.205223880597,0.541470149253731,536
2005,"romance",0.134057971014493,0.464677536231884,276
2005,"sad",46,0.625,1
2005,"salsa",6.35636856368564,0.681261517615176,738
2005,"samba",9.16288384512684,0.595052069425901,749
2005,"sertanejo",14.9831546707504,0.634029096477795,653
2005,"show-tunes",10.3203883495146,0.461567961165049,412
2005,"singer-songwriter",16.5299145299145,0.529244444444444,585
2005,"ska",16.2039473684211,0.498423245614035,456
2005,"sleep",1.12274368231047,0.268614981949458,554
2005,"soul",23.8892617449664,0.614557046979866,298
2005,"spanish",18.9079754601227,0.550023435582822,815
2005,"swedish",12.5387673956262,0.504542743538767,503
2005,"tango",3.8909426987061,0.558597042513863,541
2005,"techno",2.82428115015974,0.642667731629393,313
2005,"trance",7.35180055401662,0.564931301939058,361
2005,"trip-hop",4.28604651162791,0.647355813953488,430
2006,"acoustic",12.1157024793388,0.524859504132231,847
2006,"afrobeat",7.07166123778502,0.648667752442997,307
2006,"alt-rock",37.6740740740741,0.477685185185185,810
2006,"ambient",12.1132075471698,0.346458601553829,901
2006,"black-metal",8.56849315068493,0.265012100456621,876
2006,"blues",18.978064516129,0.547446451612903,775
2006,"breakbeat",3.58883248730964,0.665142131979695,394
2006,"cantopop",9.65407554671968,0.550797216699801,503
2006,"chicago-house",2.30555555555556,0.800722222222222,36
2006,"chill",6.0710843373494,0.622569879518072,830
2006,"classical",22.7064102564103,0.325582435897436,780
2006,"club",1.85664335664336,0.48493006993007,286
2006,"comedy",7.58240534521158,0.60519153674833,898
2006,"country",26.4980184940555,0.564379128137384,757
2006,"dance",37.0724233983287,0.664193593314763,718
2006,"dancehall",9.860103626943,0.717651554404145,772
2006,"death-metal",17.3612565445026,0.344688743455497,764
2006,"deep-house",2.93181818181818,0.74869019138756,836
2006,"detroit-techno",1.86274509803922,0.746254901960784,51
2006,"disco",13.2036011080332,0.643210526315789,722
2006,"drum-and-bass",3.91853360488798,0.539360488798371,491
2006,"dub",7.96397694524496,0.702919308357349,694
2006,"dubstep",0.27027027027027,0.659189189189189,185
2006,"edm",3.93762183235867,0.622146198830409,513
2006,"electro",24.6,0.6438140625,640
2006,"electronic",13.4440154440154,0.625339768339768,259
2006,"emo",17.4144254278729,0.420338630806846,818
2006,"folk",29.0844155844156,0.541659090909091,616
2006,"forro",6.60413793103448,0.641751724137931,725
2006,"french",16.2163522012579,0.539581761006289,795
2006,"funk",20.4144981412639,0.636559479553903,538
2006,"garage",8.52296296296296,0.442587111111111,675
2006,"german",18.8571428571429,0.468244733044733,693
2006,"gospel",13.7643805309735,0.522463495575221,904
2006,"grindcore",2.9110251450677,0.258834235976789,517
2006,"groove",6.95139911634757,0.507750368188512,679
2006,"guitar",5.63941018766756,0.483463806970509,746
2006,"hard-rock",16.2391975308642,0.407703703703704,648
2006,"hardcore",26.1121642969984,0.490906793048973,633
2006,"hardstyle",3.74149659863946,0.652700680272109,147
2006,"heavy-metal",4.5959595959596,0.388725252525253,495
2006,"hip-hop",37.7052117263844,0.694485342019544,614
2006,"house",16.9171428571429,0.681014285714286,350
2006,"indian",2.09294871794872,0.499090811965812,936
2006,"indie-pop",26.2182741116751,0.501253807106599,394
2006,"industrial",7.90348101265823,0.505998259493671,632
2006,"jazz",26.824,0.57859616,625
2006,"k-pop",14.9987819732034,0.604567600487211,821
2006,"metal",38.0398230088496,0.357555309734513,226
2006,"metalcore",9.81884057971014,0.326828985507246,276
2006,"minimal-techno",1.88375558867362,0.763909090909091,671
2006,"new-age",11.4566037735849,0.380464779874214,795
2006,"opera",7.73981191222571,0.317955015673981,638
2006,"party",2.85111662531017,0.689694789081886,403
2006,"piano",9.8287795992714,0.475355191256831,549
2006,"pop",49.8432055749129,0.587738675958188,287
2006,"pop-film",11.5386819484241,0.626810888252149,698
2006,"power-pop",3.70712401055409,0.445423482849604,758
2006,"progressive-house",0.705776173285199,0.648234657039711,554
2006,"psych-rock",9.75145348837209,0.449609447674419,688
2006,"punk",29.7479338842975,0.488896694214876,242
2006,"punk-rock",20.3068592057762,0.494339350180505,277
2006,"rock",46.126213592233,0.533067961165049,103
2006,"rock-n-roll",5.65423242467719,0.536609756097561,697
2006,"romance",0.438709677419355,0.399451612903226,465
2006,"sad",7,0.843,1
2006,"salsa",15.6198738170347,0.677764984227129,634
2006,"samba",8.17224287484511,0.613289962825279,807
2006,"sertanejo",10.8137254901961,0.631324929971989,714
2006,"show-tunes",6.71708683473389,0.453056862745098,357
2006,"singer-songwriter",19.0165562913907,0.527379139072848,604
2006,"ska",15.0611246943765,0.511271393643032,409
2006,"sleep",1.17757009345794,0.264293146417446,642
2006,"soul",22.8695652173913,0.628639751552795,322
2006,"spanish",19.335085413929,0.567633377135348,761
2006,"swedish",13.8527472527473,0.533059340659341,455
2006,"tango",2.1866464339909,0.543952959028832,659
2006,"techno",4.99609375,0.65690234375,256
2006,"trance",7.16299559471366,0.569909691629956,454
2006,"trip-hop",5.09859154929577,0.645967136150235,426
2007,"acoustic",13.6238317757009,0.51778738317757,856
2007,"afrobeat",7.30494505494505,0.676288461538462,364
2007,"alt-rock",37.0308710033076,0.491465270121279,907
2007,"ambient",13.3571428571429,0.332256060606061,924
2007,"black-metal",9.09041394335512,0.249000435729848,918
2007,"blues",20.1012987012987,0.542361038961039,770
2007,"breakbeat",3.54128440366972,0.677059633027523,436
2007,"cantopop",9.9343339587242,0.565142589118199,533
2007,"chicago-house",1.47222222222222,0.755018518518519,108
2007,"chill",7.55044699872286,0.59350932311622,783
2007,"classical",23.3843373493976,0.33182734939759,830
2007,"club",0.97289156626506,0.493096385542169,332
2007,"comedy",6.84415584415584,0.581679653679654,924
2007,"country",26.1687587168759,0.560330543933054,717
2007,"dance",37.7379972565158,0.649264746227709,729
2007,"dancehall",8.79015544041451,0.72104274611399,772
2007,"death-metal",16.5736040609137,0.345197461928934,788
2007,"deep-house",2.91172914147521,0.774467956469166,827
2007,"detroit-techno",2.41666666666667,0.718451388888889,144
2007,"disco",11.2174578866769,0.656173047473201,653
2007,"drum-and-bass",5.35483870967742,0.548150537634409,465
2007,"dub",8.76121562952243,0.687476121562952,691
2007,"dubstep",0.498516320474777,0.675183976261128,337
2007,"edm",4.1671875,0.621978125,640
2007,"electro",28.7958115183246,0.654369982547993,573
2007,"electronic",15.1044303797468,0.645417721518987,316
2007,"emo",16.3097014925373,0.449089552238806,804
2007,"folk",28.9882154882155,0.522539225589226,594
2007,"forro",4.91173054587689,0.654670150987224,861
2007,"french",18.8910891089109,0.551130198019802,808
2007,"funk",21.5009523809524,0.664660952380952,525
2007,"garage",7.61299852289513,0.407373559822747,677
2007,"german",18.2517985611511,0.493365035971223,695
2007,"gospel",15.5499425947187,0.524117106773823,871
2007,"goth",12.6836419753086,0.438587962962963,648
2007,"grindcore",2.23652173913043,0.257310608695652,575
2007,"groove",6.44025157232704,0.504235849056604,636
2007,"guitar",7.58852867830424,0.466740399002494,802
2007,"hard-rock",18.9557823129252,0.404505102040816,588
2007,"hardcore",23.4565587734242,0.463185689948893,587
2007,"hardstyle",4.23636363636364,0.664754545454545,220
2007,"heavy-metal",3.39710610932476,0.408154662379421,622
2007,"hip-hop",36.7016274864376,0.706589511754069,553
2007,"house",16.5980066445183,0.687598006644518,301
2007,"indian",5.12317073170732,0.507082926829268,820
2007,"indie-pop",26.6057971014493,0.526673043478261,345
2007,"industrial",9.68274582560297,0.516246753246753,539
2007,"jazz",29.494966442953,0.59751677852349,596
2007,"k-pop",18.1285714285714,0.598504761904762,840
2007,"metal",38.5458515283843,0.413047598253275,229
2007,"metalcore",14.0307692307692,0.348292307692308,195
2007,"minimal-techno",1.90869565217391,0.763544927536232,690
2007,"new-age",10.8435960591133,0.367584359605911,812
2007,"opera",3.81535947712418,0.341365849673203,612
2007,"party",2.20489296636086,0.662596330275229,327
2007,"piano",14.5754985754986,0.477456125356125,351
2007,"pop",48.9496124031008,0.579779069767442,258
2007,"pop-film",8.57443820224719,0.626994382022472,712
2007,"power-pop",4.22165605095541,0.448451974522293,785
2007,"progressive-house",1.2741935483871,0.650534050179212,558
2007,"psych-rock",11.7886323268206,0.446804085257549,563
2007,"punk",28.9310344827586,0.468946360153257,261
2007,"punk-rock",17.2862453531599,0.472542750929368,269
2007,"rock",45.5839416058394,0.585109489051095,137
2007,"rock-n-roll",13.1513513513514,0.55190990990991,555
2007,"romance",0.305220883534137,0.436686746987952,249
2007,"sad",25.65,0.68945,20
2007,"salsa",12.2027027027027,0.665376876876877,666
2007,"samba",8.99025578562728,0.588767356881851,821
2007,"sertanejo",13.8381795195954,0.606355246523388,791
2007,"show-tunes",6.7566265060241,0.473229879518072,415
2007,"singer-songwriter",18.7193308550186,0.516985130111524,538
2007,"ska",15.2326923076923,0.563225,520
2007,"sleep",3.21674140508221,0.260457249626308,669
2007,"soul",22.9193548387097,0.608673387096774,248
2007,"spanish",20.9974293059126,0.549386118251928,778
2007,"swedish",13.3618421052632,0.538900219298246,456
2007,"tango",2.10137457044674,0.51263058419244,582
2007,"techno",5.72985781990521,0.672687203791469,211
2007,"trance",8.3609756097561,0.573368292682927,410
2007,"trip-hop",4.27505330490405,0.620878464818763,469
2008,"acoustic",16.5769230769231,0.547426799007444,806
2008,"afrobeat",7.81151832460733,0.655031413612565,382
2008,"alt-rock",35.43429844098,0.496557572383074,898
2008,"ambient",12.3480083857442,0.342997274633124,954
2008,"black-metal",10.1602272727273,0.247417159090909,880
2008,"blues",19.1342534504391,0.530617314930991,797
2008,"breakbeat",3.17697594501718,0.685762886597938,582
2008,"cantopop",10.600782778865,0.567835616438356,511
2008,"chicago-house",1.55737704918033,0.756661202185792,183
2008,"chill",10.2930174563591,0.588335411471322,802
2008,"classical",21.2190237797247,0.324346433041302,799
2008,"club",1.3012987012987,0.466041038961039,385
2008,"comedy",5.67007963594994,0.595397042093288,879
2008,"country",26.3862973760933,0.570167638483965,686
2008,"dance",38.7867950481431,0.641916093535076,727
2008,"dancehall",6.03571428571429,0.703684948979592,784
2008,"death-metal",20.656,0.3555044,750
2008,"deep-house",3.42332896461337,0.772722149410223,763
2008,"detroit-techno",2.66826923076923,0.742975961538462,208
2008,"disco",14.912037037037,0.638632716049383,648
2008,"drum-and-bass",4.78527607361963,0.559403374233129,652
2008,"dub",7.58422459893048,0.727426604278075,748
2008,"dubstep",0.564870259481038,0.684988023952096,501
2008,"edm",4.83667621776504,0.641209169054441,698
2008,"electro",26.8508196721311,0.635549180327869,610
2008,"electronic",15.4417910447761,0.63350447761194,335
2008,"emo",17.3250927070457,0.427883683559951,809
2008,"folk",31,0.519519720496894,644
2008,"forro",5.65051903114187,0.627212226066897,867
2008,"french",17.4046454767726,0.553490464547677,818
2008,"funk",21.1168831168831,0.64269573283859,539
2008,"garage",10.5877616747182,0.450040901771337,621
2008,"german",20.0910569105691,0.506542926829268,615
2008,"gospel",16.6401816118048,0.504061293984109,881
2008,"goth",10.0413971539457,0.437682923673997,773
2008,"grindcore",2.47539015606243,0.254760864345738,833
2008,"groove",4.59433962264151,0.5190525606469,742
2008,"guitar",7.23918918918919,0.491278378378378,740
2008,"hard-rock",18.5236363636364,0.416924181818182,550
2008,"hardcore",22.9217791411043,0.461694785276074,652
2008,"hardstyle",6.80916030534351,0.635984732824427,262
2008,"heavy-metal",4.1797583081571,0.410826283987915,662
2008,"hip-hop",37.351226993865,0.693665644171779,652
2008,"house",19.185628742515,0.679392215568862,334
2008,"indian",2.86848635235732,0.499361910669975,806
2008,"indie-pop",31.2905027932961,0.541310055865922,358
2008,"industrial",9.85581395348837,0.517827906976744,645
2008,"jazz",26.9298531810767,0.584530179445351,613
2008,"k-pop",21.3294871794872,0.590260256410256,780
2008,"metal",37.4058577405858,0.389824267782427,239
2008,"metalcore",13.6666666666667,0.334253731343284,201
2008,"minimal-techno",2.26158038147139,0.777655313351499,734
2008,"new-age",15.9832735961768,0.379763918757467,837
2008,"opera",6.17326732673267,0.3110300330033,606
2008,"party",4.42760180995475,0.692972850678733,442
2008,"piano",13.4473684210526,0.472210526315789,342
2008,"pop",51.3616236162362,0.57989704797048,271
2008,"pop-film",11.1690340909091,0.621019886363636,704
2008,"power-pop",3.13351498637602,0.456275204359673,734
2008,"progressive-house",1.69032258064516,0.695976344086021,465
2008,"psych-rock",11.5187969924812,0.417925187969925,532
2008,"punk",29.5024875621891,0.484975124378109,201
2008,"punk-rock",20.9758064516129,0.459996774193548,248
2008,"rock",43.8106060606061,0.553340909090909,132
2008,"rock-n-roll",8.39130434782609,0.554514066496164,782
2008,"romance",0.395209580838323,0.431586826347305,167
2008,"sad",18.7924528301887,0.632301886792453,53
2008,"salsa",11.3973634651601,0.654090395480226,531
2008,"samba",5.18623481781376,0.599368421052632,741
2008,"sertanejo",9.96546762589928,0.619482014388489,695
2008,"show-tunes",7.44245524296675,0.470161125319693,391
2008,"singer-songwriter",16.6779935275081,0.543283171521036,618
2008,"ska",14.9022556390977,0.531184210526316,532
2008,"sleep",4.51123595505618,0.25329058988764,712
2008,"soul",24.6520376175549,0.597840125391849,319
2008,"spanish",20.2007083825266,0.532977567886659,847
2008,"swedish",14.9086757990868,0.516511643835616,438
2008,"tango",1.3555900621118,0.519153726708075,644
2008,"techno",8.08943089430894,0.655821138211382,246
2008,"trance",7.48820754716981,0.567443396226415,424
2008,"trip-hop",3.22045454545455,0.652643181818182,440
2009,"acoustic",16.6586206896552,0.5288,870
2009,"afrobeat",7.87366167023555,0.654306209850107,467
2009,"alt-rock",36.9917936694021,0.488090035169988,853
2009,"ambient",16.0994652406417,0.323896684491979,935
2009,"black-metal",10.6781883194279,0.262756257449344,839
2009,"blues",21.5337748344371,0.484341986754967,755
2009,"breakbeat",4.73357664233577,0.68206204379562,548
2009,"cantopop",9.90476190476191,0.548027472527473,546
2009,"chicago-house",3.19081272084806,0.778897526501767,283
2009,"chill",14.5774111675127,0.591016497461929,788
2009,"classical",23.1422764227642,0.334217886178862,738
2009,"club",4.35714285714286,0.481264965986395,294
2009,"comedy",10.8040609137056,0.583680203045685,985
2009,"country",27.922024623803,0.557526675786594,731
2009,"dance",40.7272727272727,0.64515562403698,649
2009,"dancehall",12.5407608695652,0.707383152173913,736
2009,"death-metal",19.5452322738386,0.362504400977995,818
2009,"deep-house",5.46437994722955,0.777961741424802,758
2009,"detroit-techno",2.7716049382716,0.728604938271605,162
2009,"disco",14.731884057971,0.667034782608696,690
2009,"drum-and-bass",5.45871559633028,0.548412844036697,654
2009,"dub",12.2034574468085,0.718551595744681,752
2009,"dubstep",0.431009957325747,0.6890213371266,703
2009,"edm",14.171974522293,0.665052547770701,628
2009,"electro",28.8515205724508,0.652001788908766,559
2009,"electronic",16.6011560693642,0.637424855491329,346
2009,"emo",18.918984280532,0.444941958887545,827
2009,"folk",31.7554438860972,0.521408710217755,597
2009,"forro",4.88683886838868,0.648324723247232,813
2009,"french",19.2050632911392,0.527247088607595,790
2009,"funk",17.7319587628866,0.618125429553265,582
2009,"garage",11.8693467336683,0.440652931323283,597
2009,"german",19.1619365609349,0.471943906510851,599
2009,"gospel",17.1944764096663,0.522517836593786,869
2009,"goth",13.1506456241033,0.447680057388809,697
2009,"grindcore",2.69576059850374,0.254429675810474,802
2009,"groove",4.85897435897436,0.571378205128205,780
2009,"guitar",6.30717185385656,0.471506089309878,739
2009,"hard-rock",20.5575757575758,0.411059595959596,495
2009,"hardcore",23.8688245315162,0.448968483816014,587
2009,"hardstyle",6.19221411192214,0.620184914841849,411
2009,"heavy-metal",2.62642740619902,0.407530668841762,613
2009,"hip-hop",38.320987654321,0.686687830687831,567
2009,"house",23.3891050583658,0.694466926070039,257
2009,"indian",3.91498881431767,0.496515659955257,894
2009,"indie-pop",30.7972027972028,0.543521328671329,286
2009,"industrial",11.5549450549451,0.505859340659341,546
2009,"jazz",27.5233160621762,0.572267702936097,579
2009,"k-pop",20.9886075949367,0.623937974683544,790
2009,"metal",39.1063829787234,0.366136170212766,235
2009,"metalcore",18.6949152542373,0.347581920903955,177
2009,"minimal-techno",3.37589670014347,0.773847919655667,697
2009,"new-age",13.9435173299101,0.384454813863928,779
2009,"opera",8.41446208112875,0.281685185185185,567
2009,"party",4.77156177156177,0.710237762237762,429
2009,"piano",12.3150684931507,0.452086757990868,438
2009,"pop",51.8975609756098,0.580668292682927,205
2009,"pop-film",10.7949044585987,0.61588152866242,785
2009,"power-pop",3.34178905206943,0.441434979973298,749
2009,"progressive-house",5.81672025723473,0.64964308681672,311
2009,"psych-rock",11.8708414872798,0.430976516634051,511
2009,"punk",31.0842696629213,0.476966292134831,178
2009,"punk-rock",18.943661971831,0.489098591549296,142
2009,"rock",46.3650793650794,0.552465873015873,126
2009,"rock-n-roll",8.45645645645646,0.533205405405405,666
2009,"romance",0.379310344827586,0.408413793103448,29
2009,"sad",33.2857142857143,0.702285714285714,14
2009,"salsa",8.75430359937402,0.660234741784038,639
2009,"samba",7.35974842767296,0.596708176100629,795
2009,"sertanejo",15.5736543909348,0.615686968838527,706
2009,"show-tunes",6.81260945709282,0.450196147110333,571
2009,"singer-songwriter",17.4084084084084,0.523100600600601,666
2009,"ska",12.7220447284345,0.560169329073482,626
2009,"sleep",5.56217616580311,0.265272150259067,772
2009,"songwriter",10.6,0.612,5
2009,"soul",20.516049382716,0.618851851851852,405
2009,"spanish",20.9250317662008,0.566436721728081,787
2009,"swedish",16.8193548387097,0.531282580645161,465
2009,"tango",1.63565891472868,0.518596899224806,516
2009,"techno",9.92758620689655,0.649237931034483,290
2009,"trance",15.789667896679,0.570918819188192,271
2009,"trip-hop",4.10721247563353,0.644038986354776,513
2010,"acoustic",16.3464052287582,0.539229847494553,918
2010,"afrobeat",5.73033707865169,0.645500802568218,623
2010,"alt-rock",36.0278787878788,0.495865454545455,825
2010,"ambient",16.2252066115702,0.329314979338843,968
2010,"black-metal",9.10045662100457,0.260514726027397,876
2010,"blues",19.9715025906736,0.509822538860104,772
2010,"breakbeat",3.22784810126582,0.672732368896926,553
2010,"cantopop",12.4878048780488,0.568091463414634,492
2010,"chicago-house",2.24603174603175,0.772793650793651,252
2010,"chill",18.7174638487208,0.558150389321468,899
2010,"classical",23.8558322411533,0.324578243774574,763
2010,"club",4.7685009487666,0.543264895635674,527
2010,"comedy",8.43194600674916,0.574728908886389,889
2010,"country",30.4594972067039,0.570688547486033,716
2010,"dance",43.0781710914454,0.63776401179941,678
2010,"dancehall",10.5183727034121,0.695043307086614,762
2010,"death-metal",17.7446043165468,0.36294412470024,834
2010,"deep-house",6.93480934809348,0.762660516605166,813
2010,"detroit-techno",0.907142857142857,0.753607142857143,140
2010,"disco",15.4166666666667,0.68996186440678,708
2010,"drum-and-bass",6.34954007884363,0.559705650459921,761
2010,"dub",11.1005586592179,0.678383659217877,716
2010,"dubstep",0.26027397260274,0.718587084148728,511
2010,"edm",15.2384341637011,0.655599644128114,562
2010,"electro",31.650406504065,0.641229674796748,492
2010,"electronic",16.8328358208955,0.638116417910448,335
2010,"emo",20.0255785627284,0.429858708891596,821
2010,"folk",29.3177842565598,0.513386588921283,686
2010,"french",21.8863636363636,0.542582196969697,792
2010,"funk",17.9471766848816,0.637298724954463,549
2010,"garage",12.5443037974684,0.44100585443038,632
2010,"german",21.9934210526316,0.461696710526316,608
2010,"gospel",16.4078341013825,0.506002304147465,868
2010,"goth",8.24906600249066,0.456328518057285,803
2010,"grindcore",1.96557120500782,0.272905164319249,639
2010,"groove",6.64059900166389,0.531273544093178,601
2010,"guitar",6.84560906515581,0.471084277620397,706
2010,"hard-rock",21.6164658634538,0.429491365461847,498
2010,"hardcore",22.3620414673046,0.422690271132376,627
2010,"hardstyle",6.88612565445026,0.592899214659686,764
2010,"heavy-metal",3.26928471248247,0.402803366058906,713
2010,"hip-hop",42.1790780141844,0.681297872340425,564
2010,"house",26.759842519685,0.654255905511811,254
2010,"indian",4.35552913198573,0.521916765755054,841
2010,"indie-pop",31.0095541401274,0.541443312101911,314
2010,"industrial",10.0755336617406,0.521830377668309,609
2010,"jazz",27.0605564648118,0.572330605564648,611
2010,"k-pop",22.9470967741935,0.605101935483871,775
2010,"metal",39.3426183844011,0.41371782729805,359
2010,"metalcore",19.3450292397661,0.391157894736842,171
2010,"minimal-techno",3.67032967032967,0.763917582417582,728
2010,"new-age",10.7365038560411,0.346046915167095,778
2010,"opera",5.9336569579288,0.315138996763754,618
2010,"party",8.51190476190476,0.73472619047619,252
2010,"piano",13.5038461538462,0.468501923076923,520
2010,"pop",53.5619047619048,0.587538095238095,210
2010,"pop-film",12.4027603513174,0.610898368883312,797
2010,"power-pop",3.84390862944162,0.453623223350254,788
2010,"progressive-house",8.97183098591549,0.652569014084507,355
2010,"psych-rock",11.2873051224944,0.426283518930958,449
2010,"punk",28.9673469387755,0.48650612244898,245
2010,"punk-rock",19.0802139037433,0.442802139037433,187
2010,"rock-n-roll",6.36807817589577,0.561649837133551,614
2010,"romance",2.648,0.382216,125
2010,"sad",16.75,0.694819444444444,72
2010,"salsa",11.9572784810127,0.681237341772152,632
2010,"samba",5.85665137614679,0.593675458715596,872
2010,"sertanejo",14.1152777777778,0.611984722222222,720
2010,"show-tunes",7.94086021505376,0.448576612903226,372
2010,"singer-songwriter",17.1942675159236,0.520436305732484,628
2010,"ska",13.9144851657941,0.545844677137871,573
2010,"sleep",13.4366359447005,0.244523617511521,868
2010,"soul",22.4542936288089,0.615603878116344,361
2010,"spanish",18.2088835534214,0.554396758703481,833
2010,"swedish",18.7452229299363,0.505397027600849,471
2010,"tango",3.52727272727273,0.579912396694215,605
2010,"techno",10.1742857142857,0.671377142857143,350
2010,"trance",16.6683168316832,0.543930693069307,202
2010,"trip-hop",4.73068432671082,0.642907284768212,453
2011,"acoustic",19.0034443168772,0.533556831228473,871
2011,"afrobeat",6.94947368421053,0.638124210526316,475
2011,"alt-rock",38.3217703349282,0.497992822966507,836
2011,"black-metal",10.8203661327231,0.271200800915332,874
2011,"blues",21.7913385826772,0.510514435695538,762
2011,"breakbeat",3.40307101727447,0.679568138195777,521
2011,"cantopop",11.4629981024668,0.548204933586338,527
2011,"chicago-house",2.94420600858369,0.767459227467811,233
2011,"chill",24.133779264214,0.554326644370123,897
2011,"classical",25.2669172932331,0.316118546365915,798
2011,"club",2.06240713224368,0.57418603268945,673
2011,"comedy",15.3856548856549,0.58075051975052,962
2011,"country",29.5976863753213,0.570275064267352,778
2011,"dance",41.5973053892216,0.636263473053892,668
2011,"dancehall",14.4867872044506,0.697955493741307,719
2011,"death-metal",20.058524173028,0.380867048346056,786
2011,"deep-house",11.838747099768,0.758242459396752,862
2011,"detroit-techno",2.86082474226804,0.743494845360825,194
2011,"disco",16.86529318542,0.687288431061807,631
2011,"drum-and-bass",5.85365853658537,0.553421409214092,738
2011,"dub",13.6587537091988,0.676355044510386,674
2011,"dubstep",1.35355648535565,0.695083682008368,478
2011,"edm",19.4306049822064,0.641501779359431,562
2011,"electro",31.8896882494005,0.625616306954436,417
2011,"electronic",20.5823170731707,0.608773780487805,328
2011,"emo",21.8135168961201,0.432513141426783,799
2011,"folk",31.7627677100494,0.508456342668863,607
2011,"forro",6.12102689486553,0.661844743276284,818
2011,"french",24.2844611528822,0.552610526315789,798
2011,"funk",22.6064030131827,0.61715065913371,531
2011,"garage",16.7346041055718,0.435393401759531,682
2011,"german",22.2921739130435,0.478467130434783,575
2011,"gospel",18.0097323600973,0.501288321167883,822
2011,"goth",13.1544715447154,0.464571951219512,738
2011,"grindcore",3.39890710382514,0.264865027322404,732
2011,"groove",6.74725274725275,0.583564835164835,455
2011,"guitar",9.26891891891892,0.497137837837838,740
2011,"hard-rock",18.8805031446541,0.409056603773585,477
2011,"hardcore",22.6535162950257,0.431845969125214,583
2011,"hardstyle",6.91153238546603,0.562107424960506,633
2011,"heavy-metal",4.54428571428571,0.391860142857143,700
2011,"hip-hop",41.5890625,0.6309609375,640
2011,"house",28.5752688172043,0.661275268817204,186
2011,"indian",6.60099750623441,0.558199501246883,802
2011,"indie-pop",33.8745247148289,0.54122433460076,263
2011,"industrial",10.8975903614458,0.501499397590361,664
2011,"jazz",25.801724137931,0.547722068965517,580
2011,"k-pop",24.4915912031048,0.627538163001294,773
2011,"metal",37.7589285714286,0.383305803571429,224
2011,"metalcore",20.3594470046083,0.380635944700461,217
2011,"minimal-techno",5.52886115444618,0.751115444617785,641
2011,"new-age",11.1025991792066,0.348026675786594,731
2011,"opera",8.29642248722317,0.304951448040886,587
2011,"party",7.09903381642512,0.715367149758454,414
2011,"piano",13.6644144144144,0.460535135135135,444
2011,"pop",53.8326359832636,0.563715481171548,239
2011,"pop-film",13.5103626943005,0.628906735751295,772
2011,"power-pop",3.39168765743073,0.468172795969773,794
2011,"progressive-house",9.66042154566745,0.652264637002342,427
2011,"psych-rock",14.0785046728972,0.494583177570093,535
2011,"punk",29.6812749003984,0.459019920318725,251
2011,"punk-rock",21.140350877193,0.466275,228
2011,"rock",46.972027972028,0.572496503496503,143
2011,"rock-n-roll",6.10518292682927,0.527463414634146,656
2011,"romance",0.691358024691358,0.455045267489712,243
2011,"sad",11.8125,0.692125,16
2011,"salsa",6.82923673997413,0.69185510996119,773
2011,"samba",6.37197452229299,0.616124840764331,785
2011,"sertanejo",12.9276018099548,0.633288084464555,663
2011,"show-tunes",8.82797427652733,0.460721704180064,622
2011,"singer-songwriter",18.0984455958549,0.546172711571675,579
2011,"ska",13.6510791366906,0.538028776978417,556
2011,"sleep",15.3156654888104,0.252768197879859,849
2011,"songwriter",7,0.581,1
2011,"soul",25.8528610354223,0.596174386920981,367
2011,"spanish",20.2710997442455,0.541338874680307,782
2011,"swedish",17.2564655172414,0.507864439655172,464
2011,"tango",1.84330985915493,0.568903169014085,568
2011,"techno",12.1802721088435,0.637342176870748,294
2011,"trance",15.6150627615063,0.553230125523013,239
2011,"trip-hop",4.04602510460251,0.635451882845188,478
2012,"acoustic",16.4256198347107,0.532197314049587,968
2012,"afrobeat",7.6571072319202,0.637033665835411,802
2012,"alt-rock",37.6331236897275,0.50461215932914,954
2012,"ambient",22.3465851172273,0.333889296636086,981
2012,"black-metal",11.4365482233503,0.280520710659898,985
2012,"blues",20.976897689769,0.509348844884489,909
2012,"breakbeat",4.43929912390488,0.663141426783479,799
2012,"cantopop",9.70985010706638,0.558956102783726,934
2012,"chicago-house",1.66803278688525,0.774241803278689,244
2012,"chill",23.0423728813559,0.552775423728814,944
2012,"classical",23.2757763975155,0.313609565217391,805
2012,"club",13.1107491856678,0.546460586319218,921
2012,"comedy",12.1664964249234,0.591869254341164,979
2012,"country",28.5824800910125,0.570534698521047,879
2012,"dance",43.7608142493639,0.645134860050891,786
2012,"dancehall",13.8622222222222,0.709557777777778,900
2012,"death-metal",21.1819209039548,0.365934463276836,885
2012,"deep-house",14.4798255179935,0.749114503816794,917
2012,"detroit-techno",2.34453781512605,0.727428571428571,119
2012,"disco",16.5661375661376,0.693399470899471,756
2012,"drum-and-bass",7.75419664268585,0.547842925659472,834
2012,"dub",17.4757142857143,0.672584285714286,700
2012,"dubstep",2.93469387755102,0.622120408163265,490
2012,"edm",24.6411764705882,0.61758431372549,510
2012,"electro",34.5688311688312,0.634119480519481,385
2012,"electronic",21.4085510688836,0.609007125890736,421
2012,"emo",18.5734190782422,0.427059699892819,933
2012,"folk",33.114730878187,0.518604815864023,706
2012,"forro",7.38762214983713,0.655591748099891,921
2012,"french",22.862977602108,0.533523583662714,759
2012,"funk",20.610492845787,0.622494435612083,629
2012,"garage",15.9608636977058,0.424215924426451,741
2012,"german",23.4390862944162,0.477137563451777,788
2012,"gospel",20.6986301369863,0.49522655426765,949
2012,"goth",10.3613861386139,0.450088118811881,808
2012,"grindcore",2.89110070257611,0.268911592505855,854
2012,"groove",5.73071528751753,0.570506171107994,713
2012,"guitar",7.56112469437653,0.473590953545232,818
2012,"hard-rock",19.7522935779816,0.421574311926605,545
2012,"hardcore",23.1301369863014,0.412089726027397,584
2012,"hardstyle",6.27646326276463,0.551439601494396,803
2012,"heavy-metal",3.18143459915612,0.424107594936709,711
2012,"hip-hop",43.4704992435703,0.648506807866868,661
2012,"house",27.1597222222222,0.655847222222222,144
2012,"indian",5.72685714285714,0.554396342857143,875
2012,"indie-pop",37.1845386533666,0.535605985037407,401
2012,"industrial",10.1984848484848,0.50899196969697,660
2012,"jazz",27.0294985250737,0.571261061946903,678
2012,"k-pop",25.3022471910112,0.628780898876405,890
2012,"metal",37.8411764705882,0.433752941176471,340
2012,"metalcore",17.5868725868726,0.385064864864865,259
2012,"minimal-techno",5.30428954423592,0.752392761394102,746
2012,"new-age",12.7595744680851,0.351148936170213,940
2012,"opera",9.71958456973294,0.302721068249258,674
2012,"party",7.6,0.713328440366973,545
2012,"piano",16.4391304347826,0.482297826086957,460
2012,"pop",54.3775510204082,0.573649659863946,294
2012,"pop-film",16.5149625935162,0.612862842892768,802
2012,"power-pop",3.39598108747045,0.463751654846336,846
2012,"progressive-house",12.4452214452214,0.633785547785548,429
2012,"psych-rock",16.1202404809619,0.454248496993988,499
2012,"punk",29.0030120481928,0.490690060240964,332
2012,"punk-rock",16.9591836734694,0.445469387755102,245
2012,"rock",46.6492146596859,0.572115183246073,191
2012,"rock-n-roll",6.72916666666667,0.528372222222222,720
2012,"romance",0.56687898089172,0.464828025477707,314
2012,"sad",33.40625,0.723359375,64
2012,"salsa",9.54715025906736,0.669566839378238,965
2012,"samba",9.50836120401338,0.602804905239688,897
2012,"sertanejo",18.087962962963,0.610896990740741,864
2012,"show-tunes",10.3393854748603,0.455736173184358,716
2012,"singer-songwriter",19.6556195965418,0.520327089337176,694
2012,"ska",13.2953296703297,0.552380494505495,728
2012,"sleep",15.3882091212458,0.224797330367075,899
2012,"songwriter",9,0.332,1
2012,"soul",23.5024509803922,0.574598039215686,408
2012,"spanish",20.7640449438202,0.551970337078652,890
2012,"swedish",16.9240506329114,0.520236889692586,553
2012,"tango",1.95828220858896,0.544141104294478,815
2012,"techno",14.4880546075085,0.639156996587031,293
2012,"trance",14.5350318471338,0.538041401273885,314
2012,"trip-hop",5.25953079178886,0.634793255131965,682
2013,"acoustic",18.6872340425532,0.519713829787234,940
2013,"afrobeat",4.76363636363636,0.675368181818182,660
2013,"alt-rock",37.9567627494457,0.491461529933481,902
2013,"ambient",22.7642706131078,0.350391966173362,946
2013,"black-metal",10.4875406283857,0.280121776814735,923
2013,"blues",20.1909871244635,0.514769313304721,932
2013,"breakbeat",2.01908957415565,0.671185022026432,681
2013,"cantopop",16.5500575373993,0.548696202531646,869
2013,"chicago-house",2.83196721311475,0.782426229508197,244
2013,"chill",26.1722972972973,0.575040202702703,888
2013,"classical",24.47542997543,0.324677886977887,814
2013,"club",6.18062200956938,0.542807177033493,836
2013,"comedy",15.559462254395,0.570918304033092,967
2013,"country",31.8218390804598,0.581595402298851,870
2013,"dance",42.0378590078329,0.638257180156658,766
2013,"dancehall",14.2153846153846,0.696139644970414,845
2013,"death-metal",19.8292682926829,0.369981765389082,861
2013,"deep-house",17.2821350762527,0.76039651416122,918
2013,"detroit-techno",4.7,0.725604761904762,210
2013,"disco",17.1008902077151,0.68509940652819,674
2013,"drum-and-bass",10.692118226601,0.552193349753695,812
2013,"dub",16.5242165242165,0.644309116809117,702
2013,"dubstep",3.98753894080997,0.591666666666667,321
2013,"edm",26.2448559670782,0.63317695473251,486
2013,"electro",37.7401392111369,0.64161716937355,431
2013,"electronic",25.3243967828418,0.627906166219839,373
2013,"emo",27.3176733780761,0.422628635346756,894
2013,"folk",33.9139167862267,0.525889239598278,697
2013,"forro",6.45779220779221,0.638305194805195,924
2013,"french",27.1033112582781,0.575013509933775,755
2013,"funk",23.1362940275651,0.648151607963247,653
2013,"garage",21.6308139534884,0.421530087209302,688
2013,"german",24.3102409638554,0.492546536144578,664
2013,"gospel",18.8139784946237,0.494985591397849,930
2013,"goth",12.6422250316056,0.443181163084703,791
2013,"grindcore",3.23086269744836,0.279469987849332,823
2013,"groove",11.0671875,0.51990671875,640
2013,"guitar",8.1145584725537,0.490964439140811,838
2013,"hard-rock",21.4536256323777,0.41923760539629,593
2013,"hardcore",23.9505766062603,0.439551235584843,607
2013,"hardstyle",5.10192837465565,0.518267217630854,726
2013,"heavy-metal",4.18549346016647,0.431351961950059,841
2013,"hip-hop",44.4013333333333,0.671401333333333,750
2013,"house",32.8711656441718,0.660319018404908,163
2013,"indian",6.75896860986547,0.561433856502242,892
2013,"indie-pop",38.6878612716763,0.561341040462428,346
2013,"industrial",13.0519262981575,0.502541708542714,597
2013,"jazz",28.0118644067797,0.584683559322034,590
2013,"k-pop",28.1826086956522,0.639274534161491,805
2013,"metal",37.9719887955182,0.417881232492997,357
2013,"metalcore",22.4415584415584,0.398177489177489,231
2013,"minimal-techno",7.35714285714286,0.739681677018634,644
2013,"new-age",13.3808510638298,0.362338085106383,940
2013,"opera",8.34456355283308,0.302540428790199,653
2013,"party",8.95428571428571,0.719317142857143,350
2013,"piano",15.7558139534884,0.453623837209302,516
2013,"pop",55.5853658536585,0.574044715447155,246
2013,"pop-film",25.5972045743329,0.626972045743329,787
2013,"power-pop",3.44345898004435,0.442850332594235,902
2013,"progressive-house",13.8853118712274,0.623386317907445,497
2013,"psych-rock",17.2382739212008,0.4825,533
2013,"punk",31.1015625,0.45066796875,256
2013,"punk-rock",18.5787545787546,0.497901098901099,273
2013,"rock",48.2267441860465,0.553994186046512,172
2013,"rock-n-roll",7.18556701030928,0.541052835051546,776
2013,"romance",0.637837837837838,0.428194594594595,370
2013,"sad",25.978021978022,0.685296703296703,91
2013,"salsa",12.432735426009,0.68862668161435,892
2013,"samba",7.58434399117971,0.602804851157663,907
2013,"sertanejo",18.8253968253968,0.614148962148962,819
2013,"show-tunes",8.03092783505155,0.460673969072165,776
2013,"singer-songwriter",21.9806094182825,0.521523545706371,722
2013,"ska",15.1954022988506,0.551742816091954,696
2013,"sleep",8.20876585928489,0.285571626297578,867
2013,"songwriter",18,0.729,1
2013,"soul",25.0239130434783,0.606091304347826,460
2013,"spanish",24.619209039548,0.554108926553672,885
2013,"swedish",18.7260536398467,0.505394636015326,522
2013,"tango",1.41043890865955,0.561226571767497,843
2013,"techno",16.2751091703057,0.64546288209607,229
2013,"trance",16.332298136646,0.531757763975155,322
2013,"trip-hop",6.24378109452736,0.640099502487562,603
2014,"acoustic",20.0914893617021,0.524036170212766,940
2014,"afrobeat",8.18817204301075,0.621090053763441,744
2014,"alt-rock",39.194833153929,0.510705059203445,929
2014,"ambient",24.2166488794023,0.342830522945571,937
2014,"black-metal",11.8413510747185,0.264280757420676,977
2014,"blues",22.4123112659698,0.509138443670151,861
2014,"breakbeat",3.64755480607083,0.66220741989882,593
2014,"cantopop",14.9883990719258,0.532053364269142,862
2014,"chicago-house",2.32860520094563,0.783654846335697,423
2014,"chill",24.8081140350877,0.584927631578947,912
2014,"classical",24.4889178617992,0.322084093872229,767
2014,"club",12.1193511008111,0.553179953650058,863
2014,"comedy",13.5890688259109,0.56940991902834,988
2014,"country",34.3797909407665,0.570146341463415,861
2014,"dance",45.7979139504563,0.64777705345502,767
2014,"dancehall",16.3510158013544,0.681874717832957,886
2014,"death-metal",22.427380952381,0.381774880952381,840
2014,"deep-house",20.1856823266219,0.749171140939597,894
2014,"detroit-techno",1.73359073359073,0.737579150579151,259
2014,"disco",20.6662087912088,0.684152472527473,728
2014,"drum-and-bass",8.63262764632628,0.562671232876712,803
2014,"dub",17.8731241473397,0.632912960436562,733
2014,"dubstep",6.50218340611354,0.588628820960699,229
2014,"edm",32.695219123506,0.624892430278884,502
2014,"electro",38.9275362318841,0.625315942028986,345
2014,"electronic",27.0341207349081,0.609509186351706,381
2014,"emo",24.1816192560175,0.433036105032823,914
2014,"folk",36.978386167147,0.519466858789625,694
2014,"forro",12.3466666666667,0.638461818181818,825
2014,"french",27.9372325249643,0.565378744650499,701
2014,"funk",25.7492581602374,0.633830860534125,674
2014,"garage",24.4266467065868,0.433735928143713,668
2014,"german",26.4230215827338,0.489947769784173,695
2014,"gospel",19.5781083953241,0.502193411264612,941
2014,"goth",15.3030303030303,0.446692424242424,792
2014,"grindcore",2.2158940397351,0.283541589403974,755
2014,"groove",14.5219683655536,0.5678769771529,569
2014,"guitar",9.70199501246883,0.494827182044888,802
2014,"hard-rock",21.1819757365685,0.452193414211438,577
2014,"hardcore",25.8422619047619,0.448847619047619,672
2014,"hardstyle",7.14028314028314,0.519997425997426,777
2014,"heavy-metal",3.20971563981043,0.416682464454976,844
2014,"hip-hop",45.5237410071942,0.698047482014388,695
2014,"house",36.0172413793103,0.64376724137931,116
2014,"indian",5.7585394581861,0.549065959952886,849
2014,"indie-pop",40.4319526627219,0.555337278106509,338
2014,"industrial",11.391724137931,0.526669103448276,725
2014,"jazz",32.5356037151703,0.558886222910217,646
2014,"k-pop",29.7390300230947,0.63090415704388,866
2014,"metal",39.036036036036,0.441387387387387,333
2014,"metalcore",21.2980392156863,0.419325490196078,255
2014,"minimal-techno",9.00849858356941,0.738660056657224,706
2014,"new-age",11.390355912744,0.347462227324914,871
2014,"opera",6.88489208633094,0.310605323741007,695
2014,"party",9.06995884773663,0.668518518518519,243
2014,"piano",18.3142857142857,0.477255102040816,490
2014,"pop",59.9102564102564,0.559820512820513,234
2014,"pop-film",21.5346889952153,0.630818181818182,836
2014,"power-pop",4.67915106117353,0.448458052434457,801
2014,"progressive-house",19.8350515463918,0.625616494845361,485
2014,"psych-rock",20.1386363636364,0.465677727272727,440
2014,"punk",31.296992481203,0.48129022556391,266
2014,"punk-rock",20.0955631399317,0.458116040955631,293
2014,"rock",46.4473684210526,0.545515789473684,190
2014,"rock-n-roll",8.46514745308311,0.537730563002681,746
2014,"romance",0.39870340356564,0.452504051863857,617
2014,"sad",15.5414634146341,0.646385365853659,205
2014,"salsa",12.8421645997745,0.68750281848929,887
2014,"samba",9.86666666666667,0.62204,825
2014,"sertanejo",23.1809744779582,0.61010788863109,862
2014,"show-tunes",10.741935483871,0.436527956989247,651
2014,"singer-songwriter",24.9210977701544,0.529433962264151,583
2014,"ska",15.2598944591029,0.551486807387863,758
2014,"sleep",15.7445838084379,0.256239338654504,877
2014,"songwriter",26,0.525,4
2014,"soul",30.2634146341463,0.628214634146341,410
2014,"spanish",24.1792873051225,0.554646881959911,898
2014,"swedish",22.1296296296296,0.533222222222222,486
2014,"tango",2.56005398110661,0.592592442645074,741
2014,"techno",13.7753164556962,0.678414556962025,316
2014,"trance",16.4934725848564,0.564339425587467,383
2014,"trip-hop",6.09952606635071,0.649627172195893,633
2015,"acoustic",24.1371055495103,0.52867247007617,919
2015,"afrobeat",6.04099378881988,0.645555279503106,805
2015,"alt-rock",40.2843347639485,0.513524678111588,932
2015,"ambient",28.4954034729316,0.310254443309499,979
2015,"black-metal",12.5677618069815,0.268393737166324,974
2015,"blues",25.5292056074766,0.509169509345794,856
2015,"breakbeat",4.85035211267606,0.674908450704225,568
2015,"cantopop",15.3961584633854,0.540421368547419,833
2015,"chicago-house",2.81439393939394,0.783382575757576,264
2015,"chill",28.5329153605016,0.593628004179728,957
2015,"classical",25.9223433242507,0.326060899182561,734
2015,"club",8.57127192982456,0.556835745614035,912
2015,"comedy",10.9400406504065,0.594206300813008,984
2015,"disco",23.0558539205156,0.700668098818475,931
2015,"drum-and-bass",10.4624060150376,0.566249373433584,798
2015,"dub",19.609547123623,0.617675642594859,817
2015,"dubstep",7.65116279069767,0.579569767441861,172
2015,"edm",40.5251612903226,0.618930322580645,775
2015,"electro",44.7516930022573,0.624465011286682,443
2015,"electronic",29.8445297504798,0.649992322456814,521
2015,"emo",27.9886363636364,0.452858863636364,880
2015,"folk",35.5121328224777,0.531884163473819,783
2015,"forro",13.1172985781991,0.621563981042654,844
2015,"french",32.8104575163399,0.628321699346405,765
2015,"funk",26.621387283237,0.661248554913295,692
2015,"garage",25.0917941585535,0.425147009735744,719
2015,"german",27.3458064516129,0.539945032258065,775
2015,"gospel",22.0444915254237,0.518140148305085,944
2015,"goth",11.3308823529412,0.447772549019608,816
2015,"grindcore",3,0.281737833333333,600
2015,"groove",16.493567251462,0.655160233918129,855
2015,"guitar",10.4041262135922,0.499944174757282,824
2015,"hard-rock",21.7276923076923,0.407035384615385,650
2015,"hardcore",23.5853658536585,0.432928837876614,697
2015,"hardstyle",9.77034120734908,0.51348687664042,762
2015,"heavy-metal",4.42105263157895,0.419722154222766,817
2015,"hip-hop",49.5443181818182,0.693302272727273,880
2015,"house",41.3141025641026,0.675134615384615,156
2015,"indian",9.64293659621802,0.545668520578421,899
2015,"indie-pop",42.5264797507788,0.550523364485981,321
2015,"industrial",13.0801630434783,0.50299402173913,736
2015,"jazz",30.6794258373206,0.548922647527911,627
2015,"k-pop",31.9408983451537,0.637651300236407,846
2015,"metal",37.8536585365854,0.424048780487805,451
2015,"metalcore",21.624649859944,0.401109523809524,357
2015,"minimal-techno",9.38007380073801,0.731991389913899,813
2015,"new-age",13.0166297117517,0.349773503325942,902
2015,"opera",7.47473404255319,0.317404388297872,752
2015,"party",10.5466321243523,0.691295336787565,386
2015,"piano",21.432387312187,0.468954924874791,599
2015,"pop",59.3941798941799,0.572111111111111,378
2015,"pop-film",19.812987012987,0.602720779220779,770
2015,"power-pop",3.39066059225513,0.440101366742597,878
2015,"progressive-house",21.8454106280193,0.608117552334944,621
2015,"psych-rock",17.8314393939394,0.427267234848485,528
2015,"punk",32.1991701244813,0.475331950207469,241
2015,"punk-rock",18.7594936708861,0.462221202531646,316
2015,"rock",49.0966386554622,0.58794537815126,238
2015,"rock-n-roll",10.5126353790614,0.53293742478941,831
2015,"romance",0.949760765550239,0.409997607655502,418
2015,"sad",21.2611464968153,0.690232484076433,314
2015,"salsa",20.0314685314685,0.68997668997669,858
2015,"samba",9.46225319396051,0.612951219512195,861
2015,"sertanejo",23.2660753880266,0.605092017738359,902
2015,"show-tunes",11.5171232876712,0.448613698630137,584
2015,"singer-songwriter",24.1942544459644,0.513324213406293,731
2015,"ska",14.2449494949495,0.55822095959596,792
2015,"sleep",24.185393258427,0.19262106741573,712
2015,"songwriter",28,0.555,1
2015,"soul",33.3559322033898,0.612088983050847,472
2015,"spanish",28.7342047930283,0.550173202614379,918
2015,"swedish",20,0.504789253187614,549
2015,"tango",4.18741808650066,0.565796854521625,763
2015,"techno",15.3142076502732,0.663510928961749,366
2015,"trance",17.7588357588358,0.593372141372141,481
2015,"trip-hop",5.80971128608924,0.62951312335958,762
2016,"acoustic",21.3504098360656,0.525365778688525,976
2016,"afrobeat",7.87813211845102,0.637862186788155,878
2016,"alt-rock",41.221041445271,0.504530286928799,941
2016,"ambient",27.9045643153527,0.345260580912863,964
2016,"black-metal",15.0716510903427,0.281248805815161,963
2016,"blues",24.4359267734554,0.521046109839817,874
2016,"breakbeat",4.22146507666099,0.680609880749574,587
2016,"cantopop",14.0905660377358,0.554050314465409,795
2016,"chicago-house",2.88571428571429,0.776184126984127,315
2016,"chill",33.6228991596639,0.633131302521008,952
2016,"classical",27.7574404761905,0.332009226190476,672
2016,"club",8.79467258601554,0.581125194228635,901
2016,"comedy",11.4890052356021,0.595188481675393,955
2016,"country",36.337899543379,0.577017123287671,876
2016,"dance",48.1331775700935,0.645844626168224,856
2016,"dancehall",19.5599104143337,0.715068309070549,893
2016,"death-metal",22.7792682926829,0.377352317073171,820
2016,"deep-house",27.0798687089716,0.745806345733042,914
2016,"detroit-techno",2.59677419354839,0.741193548387097,186
2016,"disco",24.1049645390071,0.698217021276596,705
2016,"drum-and-bass",11.9522673031026,0.543202863961814,838
2016,"dub",20.9028642590286,0.597643835616438,803
2016,"dubstep",9.67272727272727,0.6058,165
2016,"edm",37.8657718120805,0.625308724832215,447
2016,"electro",43.4845679012346,0.630493827160494,324
2016,"electronic",31.027027027027,0.632648648648649,444
2016,"emo",30.8907849829352,0.490023890784983,879
2016,"folk",38.4607046070461,0.517340108401084,738
2016,"forro",10.8106435643564,0.669436881188119,808
2016,"french",34.9459854014599,0.657310218978102,685
2016,"funk",28.8845029239766,0.655283625730994,684
2016,"garage",27.1940104166667,0.463208984375,768
2016,"german",28.1585204755614,0.525257595772787,757
2016,"gospel",20.1337016574586,0.493422872928177,905
2016,"goth",11.0427553444181,0.453956532066508,842
2016,"grindcore",3.16241610738255,0.280634630872483,745
2016,"groove",15.6258620689655,0.651979310344828,580
2016,"guitar",9.99600532623169,0.480293075898802,751
2016,"hard-rock",21.7662141779789,0.418135595776772,663
2016,"hardcore",26.6153846153846,0.43689271978022,728
2016,"hardstyle",11.3861788617886,0.493322493224932,738
2016,"heavy-metal",3.64005069708492,0.421844106463878,789
2016,"hip-hop",50.816077953715,0.704460414129111,821
2016,"house",42.0196078431373,0.6815,102
2016,"indian",10.0700934579439,0.566858644859813,856
2016,"indie-pop",45.7780548628429,0.573863341645885,401
2016,"industrial",13.7952559300874,0.503260174781523,801
2016,"jazz",33.303265940902,0.574034214618974,643
2016,"k-pop",37.3433874709977,0.623819025522042,862
2016,"metal",37.8103448275862,0.427751231527094,406
2016,"metalcore",21.9498327759197,0.425866220735786,299
2016,"minimal-techno",11.3346613545817,0.737763612217796,753
2016,"new-age",14.8781284004353,0.361235146898803,919
2016,"opera",10.3381962864721,0.300459283819629,754
2016,"party",9.63104325699746,0.675478371501272,393
2016,"piano",24.8746031746032,0.474031746031746,630
2016,"sad",19.1134215500945,0.669911153119093,529
2017,"acoustic",26.0190073917635,0.533906019007392,947
2017,"afrobeat",10.1677175283733,0.666887767969735,793
2017,"alt-rock",42.7012847965739,0.517135974304069,934
2017,"ambient",28.5946502057613,0.334666563786008,972
2017,"black-metal",13.7616580310881,0.270249844559586,965
2017,"blues",27.1634506242906,0.521152099886493,881
2017,"breakbeat",4.10442477876106,0.705325663716814,565
2017,"cantopop",12.21,0.53142,800
2017,"chicago-house",3.66865671641791,0.782208955223881,335
2017,"chill",40.2010582010582,0.639577777777778,945
2017,"classical",27.8258503401361,0.333004489795918,735
2017,"club",12.5817610062893,0.584582704402516,954
2017,"comedy",12.7425944841675,0.579127681307457,979
2017,"country",40.8294051627385,0.586755331088664,891
2017,"dance",50.0296803652968,0.651648401826484,876
2017,"dancehall",22.0175438596491,0.715208187134503,855
2017,"death-metal",24.6175742574257,0.363642821782178,808
2017,"deep-house",28.6490850376749,0.739554359526372,929
2017,"detroit-techno",3.38262910798122,0.732276995305164,426
2017,"disco",24.1750741839763,0.712559347181009,674
2017,"drum-and-bass",15.4107579462103,0.552624694376528,818
2017,"dub",23.7849829351536,0.59006598407281,879
2017,"dubstep",11.8652482269504,0.58463829787234,141
2017,"edm",39.6373626373626,0.626384615384615,455
2017,"electro",45.4679144385027,0.641858288770053,374
2017,"electronic",32.4931237721022,0.638155206286837,509
2017,"emo",36.6139380530973,0.555688053097345,904
2017,"folk",39.5351123595506,0.539980337078652,712
2017,"forro",12.3560517038778,0.671522914218566,851
2017,"french",37.4191780821918,0.649943835616438,730
2017,"funk",30.9623430962343,0.666788005578801,717
2017,"garage",28.455497382199,0.463393979057592,764
2017,"german",32.1636863823934,0.536545392022008,727
2017,"gospel",22.6070287539936,0.498318423855165,939
2017,"goth",12.4774346793349,0.45887945368171,842
2017,"grindcore",1.83110571081409,0.2667695018226,823
2017,"groove",18.6432337434095,0.63522144112478,569
2017,"guitar",12.8234463276836,0.507880367231638,708
2017,"hard-rock",23.3254086181278,0.443,673
2017,"hardcore",28.5603674540682,0.434730577427822,762
2017,"hardstyle",14.1394422310757,0.492965471447543,753
2017,"heavy-metal",5.52727272727273,0.409035151515152,825
2017,"hip-hop",54.4355608591885,0.734997613365155,838
2017,"house",44.875,0.6925390625,128
2017,"indian",12.1095066185319,0.575051022864019,831
2017,"indie-pop",46.740932642487,0.567668393782383,386
2017,"industrial",13.9586206896552,0.507660827586207,725
2017,"jazz",33.1274509803922,0.587747899159664,714
2017,"k-pop",39.4953596287703,0.633719257540603,862
2017,"metal",39.9358288770053,0.447525935828877,374
2017,"metalcore",23.6140350877193,0.412210526315789,285
2017,"minimal-techno",13.7665418227216,0.726372034956305,801
2017,"new-age",9.88607594936709,0.359881818181818,869
2017,"opera",7.67551622418879,0.323432300884956,678
2017,"party",13.520725388601,0.702847150259067,386
2017,"piano",25.1237113402062,0.457261597938144,776
2017,"pop",63.5934426229508,0.598272131147541,305
2017,"pop-film",25.5180572851806,0.593144458281445,803
2017,"power-pop",7.31084337349398,0.449950481927711,830
2017,"progressive-house",23.9922239502333,0.602107309486781,643
2017,"psych-rock",18.3013698630137,0.451314212328767,584
2017,"punk",35.4676056338028,0.480600281690141,355
2017,"punk-rock",22.5277777777778,0.470271604938272,324
2017,"rock",50.6823529411765,0.570294117647059,170
2017,"rock-n-roll",7.86181818181818,0.551818181818182,825
2017,"romance",1.59539473684211,0.470259868421053,304
2017,"sad",24.786301369863,0.653313698630137,730
2017,"salsa",17.2935034802784,0.696011600928074,862
2017,"samba",8.34748603351955,0.600446927374302,895
2017,"sertanejo",28.5389830508475,0.628720903954802,885
2017,"show-tunes",12.6094316807739,0.456198186215236,827
2017,"singer-songwriter",26.2315789473684,0.530523684210526,760
2017,"ska",16.3778409090909,0.537301136363636,704
2017,"sleep",29.0031612223393,0.200623076923077,949
2017,"songwriter",21,0.557333333333333,3
2017,"soul",39.3097165991903,0.630028340080972,494
2017,"spanish",29.3482142857143,0.579376785714286,896
2017,"swedish",24.8657024793388,0.545965289256198,484
2017,"tango",2.88357843137255,0.542801470588235,816
2017,"techno",22.8208092485549,0.669294797687861,346
2017,"trance",22.7180722891566,0.560253012048193,415
2017,"trip-hop",6.8265625,0.6151203125,640
2018,"acoustic",28.5133120340788,0.537141640042598,939
2018,"afrobeat",8.72658227848101,0.650364556962025,790
2018,"alt-rock",43.5098253275109,0.520969432314411,916
2018,"ambient",29.6516393442623,0.32305625,976
2018,"black-metal",14.8844169246646,0.273825593395253,969
2018,"blues",26.1081395348837,0.523832558139535,860
2018,"breakbeat",4.18691588785047,0.696165109034268,642
2018,"cantopop",12.4399494310999,0.550720606826802,791
2018,"chicago-house",3.47058823529412,0.778729411764706,340
2018,"chill",42.5570680628272,0.646229319371728,955
2018,"classical",29.03988183161,0.341405169867061,677
2018,"club",15.2381951731375,0.573589506820567,953
2018,"comedy",12.087487283825,0.574678535096643,983
2018,"country",40.3549450549451,0.588330769230769,910
2018,"dance",52.514450867052,0.669315606936416,865
2018,"dancehall",22.0417136414882,0.710853438556934,887
2018,"death-metal",19.8635824436536,0.366428825622776,843
2018,"deep-house",28.5145005370569,0.743859291084855,931
2018,"detroit-techno",2.72585669781931,0.733068535825545,321
2018,"disco",25.8748114630468,0.714969834087481,663
2018,"drum-and-bass",13.6516052318668,0.57112485136742,841
2018,"dub",25.7061503416856,0.578421412300683,878
2018,"dubstep",15.4430379746835,0.594430379746835,79
2018,"edm",42.646017699115,0.628462389380531,452
2018,"electro",47.2609970674487,0.638275659824047,341
2018,"electronic",33.5056390977444,0.626845864661654,532
2018,"emo",38.20239390642,0.562877040261153,919
2018,"folk",40.0689223057644,0.532347994987469,798
2018,"forro",13.9251152073733,0.672824884792627,868
2018,"french",39.5882352941176,0.66659385620915,765
2018,"funk",33.0056899004267,0.676295874822191,703
2018,"garage",26.9583858764187,0.487157250945776,793
2018,"german",32.9166666666667,0.579574453551913,732
2018,"gospel",21.9727668845316,0.499452069716776,918
2018,"goth",13.0694935217903,0.452048409893993,849
2018,"grindcore",2.0462962962963,0.275644973544974,756
2018,"groove",19.6792828685259,0.662203187250996,502
2018,"guitar",16.0570107858243,0.46832126348228,649
2018,"hard-rock",23.4431486880466,0.44286472303207,686
2018,"hardcore",28.0277008310249,0.429167728531856,722
2018,"hardstyle",18.8297604035309,0.495245901639344,793
2018,"heavy-metal",3.76208651399491,0.427713358778626,786
2018,"hip-hop",56.4217289719626,0.745081775700935,856
2018,"house",48.4577464788732,0.703577464788732,142
2018,"indian",13.8945005611672,0.565430190796857,891
2018,"indie-pop",50.3126177024482,0.568180037664783,531
2018,"industrial",14.8587786259542,0.522727226463104,786
2018,"jazz",32.9645669291339,0.582354330708661,762
2018,"k-pop",42.3572267920094,0.645269095182139,851
2018,"metal",40.6612244897959,0.456367346938776,490
2018,"metalcore",22.3873873873874,0.433894894894895,333
2018,"minimal-techno",13.0126903553299,0.723091370558376,788
2018,"new-age",10.9662162162162,0.371017454954955,888
2018,"opera",9.77539341917024,0.306618454935622,699
2018,"party",13.4060721062619,0.722943074003795,527
2018,"piano",26.0038961038961,0.457584675324675,770
2018,"pop",63.3755458515284,0.623008733624454,229
2018,"pop-film",28.181935483871,0.567958709677419,775
2018,"power-pop",5.09637046307885,0.457740926157697,799
2018,"progressive-house",28.0245499181669,0.605828150572831,611
2018,"psych-rock",23.2731629392971,0.447796645367412,626
2018,"punk",35.1915422885572,0.488111940298507,402
2018,"punk-rock",20.6632653061224,0.492489285714286,392
2018,"rock",52.595,0.571115,200
2018,"rock-n-roll",10.655612244898,0.54506887755102,784
2018,"romance",1.528125,0.39930375,320
2018,"sad",35.1578947368421,0.680116427432217,627
2018,"salsa",15.5827027027027,0.695121081081081,925
2018,"samba",11.0340909090909,0.595235227272727,880
2018,"sertanejo",27.9618138424821,0.629177804295943,838
2018,"show-tunes",12.6247987117552,0.450647987117552,621
2018,"singer-songwriter",29.9509933774834,0.518460927152318,755
2018,"ska",17.4850948509485,0.532976151761518,738
2018,"sleep",25.0812013348165,0.200283759733037,899
2018,"songwriter",19,0.50975,4
2018,"soul",41.1787819253438,0.671557956777996,509
2018,"spanish",32.1223776223776,0.591117482517483,858
2018,"swedish",27.2522522522523,0.570596756756757,555
2018,"tango",3.84942084942085,0.532235521235521,777
2018,"techno",22.5498783454988,0.667642335766423,411
2018,"trance",23.0887573964497,0.568297830374753,507
2018,"trip-hop",7.47589424572317,0.637177293934681,643
2019,"acoustic",27.6913319238901,0.535575052854123,946
2019,"afrobeat",8.8504326328801,0.651995055624227,809
2019,"alt-rock",41.8812834224599,0.526598930481283,935
2019,"ambient",30.1291390728477,0.318980684326711,906
2019,"black-metal",16.1007345225603,0.270017418677859,953
2019,"blues",25.6020881670534,0.533574245939675,862
2019,"breakbeat",3.22636815920398,0.691073383084577,804
2019,"cantopop",11.4778106508876,0.546596153846154,676
2019,"chicago-house",3.12328767123288,0.77112602739726,365
2019,"chill",42.4657814096016,0.645875383043922,979
2019,"classical",31.1923641703377,0.359258002936858,681
2019,"club",18.025078369906,0.58778578892372,957
2019,"comedy",13.9312436804853,0.581544994944388,989
2019,"country",42.7936681222707,0.577544759825327,916
2019,"dance",53.3410672853828,0.664069605568446,862
2019,"dancehall",24.6949352179034,0.71679976442874,849
2019,"death-metal",24.3321299638989,0.360981708784597,831
2019,"deep-house",31.1530837004405,0.733819383259912,908
2019,"detroit-techno",2.63777089783282,0.727795665634675,323
2019,"disco",24.3625557206538,0.714312035661218,673
2019,"drum-and-bass",16.7784653465347,0.553785891089109,808
2019,"dub",28.9194630872483,0.567987136465324,894
2019,"dubstep",18.8275862068966,0.581844827586207,58
2019,"edm",43.9735682819383,0.646947136563877,454
2019,"electro",49.2898936170213,0.653103723404255,376
2019,"electronic",35.0531496062992,0.633799212598425,508
2019,"emo",39.4108170310702,0.584355581127733,869
2019,"folk",41.4575411913815,0.52724030418251,789
2019,"forro",19.5200892857143,0.693925223214286,896
2019,"french",41.2096128170895,0.65372256341789,749
2019,"funk",33.4899866488652,0.665538050734312,749
2019,"garage",27.4507042253521,0.49662471190781,781
2019,"german",36.3914780292943,0.571811051930759,751
2019,"gospel",24.4989177489177,0.510995454545455,924
2019,"goth",14.5678571428571,0.472706666666667,840
2019,"grindcore",2.11439588688946,0.276787532133676,778
2019,"groove",21.2159090909091,0.685927272727273,440
2019,"guitar",18.7858472998138,0.503314525139665,537
2019,"hard-rock",22.8238993710692,0.429930817610063,636
2019,"hardcore",30.1685236768802,0.433577437325905,718
2019,"hardstyle",21.29125,0.49161375,800
2019,"heavy-metal",6.40442132639792,0.418283485045514,769
2019,"hip-hop",55.2623941958888,0.75257315598549,827
2019,"house",46.9316239316239,0.715213675213675,117
2019,"indian",16.5943502824859,0.581909039548023,885
2019,"indie-pop",50.6851851851852,0.594238683127572,486
2019,"industrial",15.5732009925558,0.500766004962779,806
2019,"jazz",35.3021223470662,0.613685143570537,801
2019,"k-pop",43.2083333333333,0.646084459459459,888
2019,"metal",42.4908675799087,0.438221461187215,438
2019,"metalcore",27.8244897959184,0.450175510204082,245
2019,"minimal-techno",15.3942786069652,0.705417910447761,804
2019,"new-age",10.5647321428571,0.36318125,896
2019,"opera",9.84,0.33133362962963,675
2019,"party",13.9065040650407,0.689451219512195,492
2019,"piano",31.0116279069767,0.444079715762274,774
2019,"pop",65.4245283018868,0.631635220125786,318
2019,"pop-film",25.1896333754741,0.597597977243995,791
2019,"power-pop",7.57062146892655,0.459654519774011,708
2019,"progressive-house",29.2833607907743,0.615733113673806,607
2019,"psych-rock",20.6892561983471,0.453492396694215,605
2019,"punk",35.5220588235294,0.510411764705882,408
2019,"punk-rock",21.8991596638655,0.473422969187675,357
2019,"rock",51.7945945945946,0.555389189189189,185
2019,"rock-n-roll",9.95757575757576,0.516036363636364,825
2019,"romance",1.59047619047619,0.420466666666667,210
2019,"sad",41.3865979381443,0.686886597938144,582
2019,"salsa",18.2150289017341,0.691376878612717,865
2019,"samba",13.5835411471322,0.603310473815461,802
2019,"sertanejo",31.72614622057,0.621918215613383,807
2019,"show-tunes",18.5945537065053,0.444039183055976,661
2019,"singer-songwriter",31.3144329896907,0.538109536082474,776
2019,"ska",16.1188524590164,0.528245355191257,732
2019,"sleep",25.263687150838,0.189471843575419,895
2019,"songwriter",14,0.485,1
2019,"soul",43.3441955193483,0.645476578411405,491
2019,"spanish",31.6914285714286,0.5883264,875
2019,"swedish",30.3156028368794,0.585717553191489,564
2019,"tango",2.3294289897511,0.56500439238653,683
2019,"techno",25.9025974025974,0.66238961038961,462
2019,"trance",23.6270491803279,0.557475409836066,488
2019,"trip-hop",9.49265905383361,0.618252854812398,613
2020,"acoustic",29.521556256572,0.542360988433228,951
2020,"afrobeat",10.8359469240048,0.670652593486128,829
2020,"alt-rock",42.9954545454545,0.527812045454545,880
2020,"ambient",33.4842903575298,0.296033477789816,923
2020,"black-metal",15.0342979635584,0.280653376205788,933
2020,"blues",24.1556550951848,0.523538969764838,893
2020,"breakbeat",3.30013280212483,0.692083665338645,753
2020,"cantopop",17.3617363344051,0.557287781350482,622
2020,"chicago-house",3.97303370786517,0.767368539325843,445
2020,"chill",45.6331606217617,0.639477512953368,965
2020,"classical",35.2466666666667,0.3505955,600
2020,"club",20.7697297297297,0.559302702702703,925
2020,"comedy",11.8283658787256,0.613719424460432,973
2020,"country",44.4445768772348,0.576902264600715,839
2020,"dance",54.9522673031026,0.668280429594272,838
2020,"dancehall",27.8785714285714,0.713744047619048,840
2020,"death-metal",23.1709511568123,0.377617223650386,778
2020,"deep-house",32.6859045504994,0.725048834628191,901
2020,"detroit-techno",2.84340659340659,0.732068681318681,364
2020,"disco",26.1032934131737,0.713443113772455,668
2020,"drum-and-bass",16.8356973995272,0.560322695035461,846
2020,"dub",29.5890257558791,0.558574468085106,893
2020,"dubstep",19.8253968253968,0.582809523809524,63
2020,"edm",45.1322869955157,0.653979820627803,446
2020,"electro",49.6,0.651886956521739,345
2020,"electronic",35.2929104477612,0.650712686567164,536
2020,"emo",35.4724409448819,0.56032272215973,889
2020,"folk",41.3541666666667,0.545881510416667,768
2020,"forro",23.8685082872928,0.665385635359116,905
2020,"french",40.5214007782101,0.648289234760052,771
2020,"funk",36.0757978723404,0.687170212765957,752
2020,"garage",25.2208121827411,0.494824492385787,788
2020,"german",36.4979591836735,0.59637306122449,735
2020,"gospel",25.2783278327833,0.520158415841584,909
2020,"goth",15.5941101152369,0.470488860435339,781
2020,"grindcore",3.37682926829268,0.266218048780488,820
2020,"groove",26.2847222222222,0.621461342592593,432
2020,"guitar",21.8957871396896,0.495307538802661,451
2020,"hard-rock",24.0483333333333,0.434346666666667,600
2020,"hardcore",30.8817345597897,0.457166622864652,761
2020,"hardstyle",22.990990990991,0.507307432432432,888
2020,"heavy-metal",3.8768115942029,0.425163043478261,828
2020,"hip-hop",56.5995316159251,0.745144028103044,854
2020,"house",49.8441558441558,0.696350649350649,154
2020,"indian",21.6613247863248,0.587777777777778,936
2020,"indie-pop",51.1675874769797,0.596593001841621,543
2020,"industrial",17.0515873015873,0.513972619047619,756
2020,"jazz",37.16,0.58207375,800
2020,"k-pop",46.8109756097561,0.655441463414634,820
2020,"metal",41.638961038961,0.455176623376623,385
2020,"metalcore",27.6288659793814,0.424213058419244,291
2020,"minimal-techno",16.3449564134496,0.705130759651308,803
2020,"new-age",10.8501783590963,0.361897621878716,841
2020,"opera",9.87117552334944,0.300399033816425,621
2020,"party",12.1974110032362,0.716297734627832,618
2020,"piano",34.0562827225131,0.441786780104712,764
2020,"pop",65.2358490566038,0.624688679245283,318
2020,"pop-film",24.2521419828641,0.565257037943696,817
2020,"power-pop",8.64835164835165,0.447002747252747,728
2020,"progressive-house",31.1932021466905,0.600762075134168,559
2020,"psych-rock",19.065335753176,0.468914337568058,551
2020,"punk-rock",22.9856557377049,0.494669467213115,488
2020,"rock",49.6122448979592,0.559414965986395,147
2020,"rock-n-roll",12.4285714285714,0.536728731942215,623
2020,"romance",0.336043360433604,0.373346883468835,369
2020,"sad",47.7907647907648,0.682284271284271,693
2020,"salsa",19.4765714285714,0.680314285714286,875
2020,"samba",14.4675984752224,0.601945362134689,787
2020,"sertanejo",31.1126373626374,0.616322802197802,728
2020,"show-tunes",7.42566191446029,0.466547861507128,491
2020,"singer-songwriter",33.3259052924791,0.545236768802228,718
2020,"ska",15.2910128388017,0.520201141226819,701
2020,"sleep",28.7816826411076,0.167449307774228,939
2020,"songwriter",27,0.466,1
2020,"soul",44.734309623431,0.643060669456067,478
2020,"spanish",32.8794901506373,0.589446929316338,863
2020,"swedish",31.5323475046211,0.613621072088725,541
2020,"tango",2.24798927613941,0.586750670241287,746
2020,"techno",28.5501066098081,0.662634115138593,469
2020,"trance",26.1117647058824,0.569403921568627,510
2020,"trip-hop",10.5872756933116,0.61026427406199,613
2021,"acoustic",30.0587557603687,0.542739631336406,868
2021,"afrobeat",12.5481012658228,0.662418987341772,790
2021,"alt-rock",41.8416075650118,0.531066193853428,846
2021,"ambient",32.3512035010941,0.298779868708972,914
2021,"black-metal",15.7182795698925,0.278687956989247,930
2021,"blues",26.9529120198265,0.513644361833953,807
2021,"breakbeat",3.58732212160414,0.687260025873221,773
2021,"cantopop",20.7719298245614,0.536830409356725,684
2021,"chicago-house",3.03559870550162,0.780666666666667,309
2021,"chill",45.6862326574173,0.640864461045891,937
2021,"classical",34.9866863905325,0.363997781065089,676
2021,"club",24.5204819277108,0.570222771084337,830
2021,"comedy",7.54710920770878,0.564490364025696,934
2021,"country",46.37691401649,0.571512367491166,849
2021,"dance",55.4228432563791,0.670646415552855,823
2021,"dancehall",26.4651711924439,0.693265643447462,847
2021,"death-metal",24.3644501278772,0.3678,782
2021,"deep-house",36,0.718760693641619,865
2021,"detroit-techno",3.21034482758621,0.727903448275862,290
2021,"disco",28.7695852534562,0.719920122887865,651
2021,"drum-and-bass",18.2993548387097,0.560421935483871,775
2021,"dub",29.6944444444444,0.546631642512077,828
2021,"dubstep",20.5365853658537,0.568268292682927,41
2021,"edm",47.4123989218329,0.645571428571429,371
2021,"electro",49.9763313609467,0.649044378698225,338
2021,"electronic",35.6145038167939,0.637769083969466,524
2021,"emo",36.5135746606335,0.580463800904977,884
2021,"folk",40.0062972292191,0.533340050377834,794
2021,"forro",24.8813747228381,0.652770509977827,902
2021,"french",45.979702300406,0.678227334235453,739
2021,"funk",40.837908496732,0.686699346405229,765
2021,"garage",25.6556927297668,0.498739643347051,729
2021,"german",38.9395683453237,0.579716978417266,695
2021,"gospel",26.3049723756906,0.514685082872928,905
2021,"goth",16.1471428571429,0.465861428571429,700
2021,"grindcore",3.10391822827939,0.279418398637138,587
2021,"groove",25.8677884615385,0.664478365384615,416
2021,"guitar",24.4054054054054,0.52784553014553,481
2021,"hard-rock",24.6592709984152,0.439225039619651,631
2021,"hardcore",30.1428571428571,0.447808163265306,735
2021,"hardstyle",24.8871331828442,0.48308690744921,886
2021,"heavy-metal",5.18057285180573,0.425468244084682,803
2021,"hip-hop",57.18,0.721757647058824,850
2021,"house",52.5727272727273,0.691227272727273,110
2021,"indian",25.0407239819005,0.587157239819004,884
2021,"indie-pop",51.3240131578947,0.604070723684211,608
2021,"industrial",13.6733668341709,0.514288442211055,796
2021,"jazz",39.5824175824176,0.602697191697192,819
2021,"k-pop",47.8774341351661,0.659285223367698,873
2021,"metal",42.3665158371041,0.440929864253394,442
2021,"metalcore",27.78125,0.446053571428571,224
2021,"minimal-techno",17.1864623243934,0.697602809706258,783
2021,"new-age",12.9769647696477,0.331194308943089,738
2021,"opera",8.15929203539823,0.324187079646018,565
2021,"party",16.6146993318486,0.701861915367483,449
2021,"piano",38.0200803212851,0.436968406961178,747
2021,"pop",66.7433628318584,0.623197640117994,339
2021,"pop-film",26.4970896391152,0.585107101280559,859
2021,"power-pop",7.0492264416315,0.461139240506329,711
2021,"progressive-house",33.5824372759857,0.610320788530466,558
2021,"psych-rock",21.9618717504333,0.480082149046794,577
2021,"punk",37.5684454756381,0.500505800464037,431
2021,"punk-rock",22.5609756097561,0.468329573170732,328
2021,"rock",50.6467391304348,0.591228260869565,184
2021,"rock-n-roll",7.54154727793696,0.532184383954155,698
2021,"romance",0.386831275720165,0.445440329218107,243
2021,"sad",48.5617816091954,0.686619252873563,696
2021,"salsa",16.5,0.688232894736842,760
2021,"samba",17.7470967741935,0.572574193548387,775
2021,"sertanejo",37.4706703910615,0.616663407821229,716
2021,"show-tunes",13.8691437802908,0.458052665589661,619
2021,"singer-songwriter",39.0515463917526,0.566908689248895,679
2021,"ska",15.9794520547945,0.536504109589041,730
2021,"sleep",34.4476082004556,0.184966173120729,878
2021,"songwriter",23,0.653,1
2021,"soul",44.0821917808219,0.659816046966732,511
2021,"spanish",34.5973715651135,0.582397252090801,837
2021,"swedish",34.0786106032907,0.567006398537477,547
2021,"tango",2.02828618968386,0.551846921797005,601
2021,"techno",29.4539170506912,0.653352534562212,434
2021,"trance",27.9530864197531,0.552083950617284,405
2021,"trip-hop",11.5789473684211,0.613746411483254,627
2022,"acoustic",28.9316843345112,0.536883392226148,849
2022,"afrobeat",12.2009744214373,0.665263093788063,821
2022,"alt-rock",45.0656506447831,0.522654161781946,853
2022,"ambient",34.0622270742358,0.301965829694323,916
2022,"black-metal",19.6957013574661,0.271217986425339,884
2022,"blues",28.7619647355164,0.523916876574307,794
2022,"breakbeat",6.24661246612466,0.665159891598916,738
2022,"cantopop",19.2256341789052,0.531461949265688,749
2022,"chicago-house",5.36170212765957,0.769398936170213,376
2022,"chill",47.0363636363636,0.63655935828877,935
2022,"classical",38.2826398852224,0.369868292682927,697
2022,"club",23.4191343963554,0.567015034168565,878
2022,"comedy",7.26086956521739,0.589277432712215,966
2022,"country",51.7028360049322,0.559649815043157,811
2022,"dance",60.2264150943396,0.673325471698113,848
2022,"dancehall",33.0137614678899,0.714434633027523,872
2022,"death-metal",28.7068493150685,0.360007671232877,730
2022,"deep-house",39.3004587155963,0.714758027522936,872
2022,"detroit-techno",3.16230366492147,0.721785340314136,191
2022,"disco",30.2288261515602,0.722726597325409,673
2022,"drum-and-bass",21.9457994579946,0.558363143631436,738
2022,"dub",33.5134502923977,0.55159485380117,855
2022,"dubstep",24.9047619047619,0.593809523809524,21
2022,"edm",51.2785515320334,0.643690807799443,359
2022,"electro",52.8012820512821,0.62363141025641,312
2022,"electronic",38.7579365079365,0.641125,504
2022,"emo",39.3148148148148,0.545871527777778,864
2022,"folk",42.8475274725275,0.552163461538462,728
2022,"forro",31.7050997782705,0.686170731707317,902
2022,"french",46.6209150326797,0.677057516339869,765
2022,"funk",46.6932114882507,0.691590078328982,766
2022,"garage",28.8110661268556,0.484287854251012,741
2022,"german",43.4795244385733,0.572383091149273,757
2022,"gospel",28.1831460674157,0.519221348314607,890
2022,"goth",16.754617414248,0.469981794195251,758
2022,"grindcore",4.06260575296108,0.283674111675127,591
2022,"groove",27.0344827586207,0.668519704433498,406
2022,"guitar",25.8728179551122,0.52528029925187,401
2022,"hard-rock",29.9462540716612,0.424174267100977,614
2022,"hardcore",33.3906020558003,0.433622026431718,681
2022,"hardstyle",39.5414937759336,0.47929356846473,964
2022,"heavy-metal",6.18102372034956,0.428811485642946,801
2022,"hip-hop",60.3963414634146,0.726846341463415,820
2022,"house",53.9175257731959,0.678484536082474,97
2022,"indian",29.1456422018349,0.588511467889908,872
2022,"indie-pop",52.6548223350254,0.579840947546531,591
2022,"industrial",16.9768707482993,0.50509387755102,735
2022,"jazz",45.5621301775148,0.585041420118343,845
2022,"k-pop",52.1824817518248,0.665459854014599,822
2022,"metal",48.4514435695538,0.460855643044619,381
2022,"metalcore",33.4333333333333,0.440195238095238,210
2022,"minimal-techno",20.0241610738255,0.709561073825503,745
2022,"new-age",14.5914844649022,0.363379056386651,869
2022,"opera",12.0407569141194,0.312887481804949,687
2022,"party",22.2461538461538,0.676547008547009,585
2022,"piano",40.0174731182796,0.438635483870968,744
2022,"pop",70.9101796407186,0.637056886227545,334
2022,"pop-film",31.3414351851852,0.578777777777778,864
2022,"power-pop",10.8902606310014,0.479270507544582,729
2022,"progressive-house",38.7343234323432,0.583521452145215,606
2022,"psych-rock",28.2408088235294,0.470389154411765,544
2022,"punk",40.0668604651163,0.502066860465116,344
2022,"punk-rock",26.4373177842566,0.494953352769679,343
2022,"rock",54.9689119170984,0.559259067357513,193
2022,"rock-n-roll",12.9371900826446,0.519259504132231,605
2022,"romance",0.286729857819905,0.454957345971564,422
2022,"sad",53.0252996005326,0.675579227696405,751
2022,"salsa",16.8604938271605,0.670764197530864,810
2022,"samba",17.7660606060606,0.574996363636364,825
2022,"sertanejo",46.6216216216216,0.615803698435277,703
2022,"show-tunes",10.9378698224852,0.441235355029586,676
2022,"singer-songwriter",41.9907975460123,0.558967791411043,652
2022,"ska",16.5,0.50040985915493,710
2022,"sleep",37.8856548856549,0.167979833679834,962
2022,"songwriter",34,0.6305,2
2022,"soul",45.1319587628866,0.644373195876289,485
2022,"spanish",40.2144670050761,0.603717131979695,788
2022,"swedish",36.8810483870968,0.585620362903226,496
2022,"tango",2.90301724137931,0.539168318965517,464
2022,"techno",32.3260393873085,0.668597374179431,457
2022,"trance",32.1960297766749,0.542444168734491,403
2022,"trip-hop",14.5123076923077,0.61842,650
